2021-01-18 17:22:00,"b""@BSNLCorporate Please find the acknowledgement copy of the hard copy application which was submitted in Baghbazar Exchange on 28/12/20. Please find the seal date as well. Did @BSNL_KOTD staff doesn't have any trace of this application? https://t.co/mvXy6DzSb0"""
2021-01-17 15:47:57,b'RT @GinniAneja11: especially predicted fire in slums\n\nhttps://t.co/yxug2wO9h9'
2021-01-17 12:53:22,b'especially predicted fire in slums\n\nhttps://t.co/yxug2wO9h9'
2021-01-17 09:39:44,"b'RT @ksurya1007: #Fire breaks out at a colony in Baghbazar area of #Kolkata, 8 fire tenders present at the spot. More details awaited (ANI)\xe2\x80\xa6'"
2021-01-16 17:09:14,"b'RT @binaniyash4: Prayers for Baghbazar , Kolkata . Slum people .\nMultiple cylinder blasts reported in the slums opposite Baghbazar women Co\xe2\x80\xa6'"
2021-01-15 21:35:24,"b'RT @SrimantiG: Today distributed some blankets, biscuit packets &amp; puffed rice packets to the homeless families of Baghbazar fire incident.\xe2\x80\xa6'"
2021-01-15 10:39:50,"b'RT @SrimantiG: Today distributed some blankets, biscuit packets &amp; puffed rice packets to the homeless families of Baghbazar fire incident.\xe2\x80\xa6'"
2021-01-15 09:11:32,"b'RT @SrimantiG: Today distributed some blankets, biscuit packets &amp; puffed rice packets to the homeless families of Baghbazar fire incident.\xe2\x80\xa6'"
2021-01-15 08:57:47,"b'RT @SrimantiG: Today distributed some blankets, biscuit packets &amp; puffed rice packets to the homeless families of Baghbazar fire incident.\xe2\x80\xa6'"
2021-01-15 08:52:19,"b'RT @SrimantiG: Today distributed some blankets, biscuit packets &amp; puffed rice packets to the homeless families of Baghbazar fire incident.\xe2\x80\xa6'"
2021-01-15 07:07:05,"b'RT @SrimantiG: Today distributed some blankets, biscuit packets &amp; puffed rice packets to the homeless families of Baghbazar fire incident.\xe2\x80\xa6'"
2021-01-15 02:44:27,"b""Oh no! It seems that apart from ruining many lives, the physical copy of the first issue of Udbodhan (1899) has been damaged in the horrendous fire that ravaged Bagbazar yesterday. Here's hoping the Belur Math has more copies. #print \n\nhttps://t.co/L7PrE0C8Zh"""
2021-01-14 18:44:22,b'RT @pooja_news: West Bengal Chief Minister Mamata Banerjee reaches Baghbazar where fire broke out yesterday &amp; almost all shanties were comp\xe2\x80\xa6'
2021-01-14 18:18:26,"b'RT @SrimantiG: Today distributed some blankets, biscuit packets &amp; puffed rice packets to the homeless families of Baghbazar fire incident.\xe2\x80\xa6'"
2021-01-14 18:12:18,"b'Today distributed some blankets, biscuit packets &amp; puffed rice packets to the homeless families of Baghbazar fire incident. @BJPMM4Bengal @keyakahe @TheUntamedFire @paulagnimitra1 @BJP4Bengal https://t.co/4PdTD8POas'"
2021-01-14 16:55:06,"b'RT @binaniyash4: Prayers for Baghbazar , Kolkata . Slum people .\nMultiple cylinder blasts reported in the slums opposite Baghbazar women Co\xe2\x80\xa6'"
2021-01-14 15:57:29,b'RT @SreyashiDey: CM #MamataBanerjee today reached #Baghbazar where the blaze destroyed homes of 100 families living in shanties. #KMC will\xe2\x80\xa6'
2021-01-14 12:31:55,"b'RT @binaniyash4: Prayers for Baghbazar , Kolkata . Slum people .\nMultiple cylinder blasts reported in the slums opposite Baghbazar women Co\xe2\x80\xa6'"
2021-01-14 11:48:58,b'RT @pooja_news: West Bengal Chief Minister Mamata Banerjee reaches Baghbazar where fire broke out yesterday &amp; almost all shanties were comp\xe2\x80\xa6'
2021-01-14 11:45:30,"b""RT @ndtv: #Update | A massive fire broke out in Kolkata's #Baghbazar area this evening. 20 fire engines are at the spot trying to bring the\xe2\x80\xa6"""
2021-01-14 11:20:11,b'RT @SreyashiDey: CM #MamataBanerjee today reached #Baghbazar where the blaze destroyed homes of 100 families living in shanties. #KMC will\xe2\x80\xa6'
2021-01-14 10:27:57,b'@CPKolkata Fire breaks out in Baghbazar. https://t.co/EsTQAGSmPs'
2021-01-14 10:26:51,"b'RT @ANI: West Bengal: Fire breaks out at a colony in Baghbazar area of Kolkata, eight fire tenders present at the spot\n\nMore details awaited'"
2021-01-14 10:00:21,"b'RT @binaniyash4: Prayers for Baghbazar , Kolkata . Slum people .\nMultiple cylinder blasts reported in the slums opposite Baghbazar women Co\xe2\x80\xa6'"
2021-01-14 09:52:50,b'RT @pooja_news: West Bengal Chief Minister Mamata Banerjee reaches Baghbazar where fire broke out yesterday &amp; almost all shanties were comp\xe2\x80\xa6'
2021-01-14 09:47:29,"b'RT @ndtvfeed: Mamata Banerjee Visits Gutted Kolkata Slum, Promises To Rebuild Shanties https://t.co/Q0JRrQmnGm https://t.co/6ROug5WItz'"
2021-01-14 09:47:03,"b'Mamata Banerjee Visits Gutted Kolkata Slum, Promises To Rebuild Shanties https://t.co/Q0JRrQmnGm https://t.co/6ROug5WItz'"
2021-01-14 09:41:39,"b""RT @assamtribuneoff: A massive fire broke out today in Kolkata's Baghbazar as several shanties were gutted in the fire following multiple c\xe2\x80\xa6"""
2021-01-14 09:27:04,"b'@IndiaPostOffice @gopalrajeev2712 Twit\nPPF A/C NO 5O518138338 open on transfered from Barabazar Head Post Office to Indian Bank, Baghbazar Branch on 17th April 2020 in the name of Anirban Mondal. Indian Bank, Baghbazar Branch has not credited   the interest for the financial year 2019-2020.\n   Kind attention..'"
2021-01-14 09:11:47,b'RT @SreyashiDey: CM #MamataBanerjee today reached #Baghbazar where the blaze destroyed homes of 100 families living in shanties. #KMC will\xe2\x80\xa6'
2021-01-14 08:48:51,b'RT @pooja_news: West Bengal Chief Minister Mamata Banerjee reaches Baghbazar where fire broke out yesterday &amp; almost all shanties were comp\xe2\x80\xa6'
2021-01-14 08:28:50,b'RT @SreyashiDey: CM #MamataBanerjee today reached #Baghbazar where the blaze destroyed homes of 100 families living in shanties. #KMC will\xe2\x80\xa6'
2021-01-14 08:21:25,b'RT @SreyashiDey: CM #MamataBanerjee today reached #Baghbazar where the blaze destroyed homes of 100 families living in shanties. #KMC will\xe2\x80\xa6'
2021-01-14 08:20:44,"b'West Bengal Chief Minister Mamata Banerjee on Thursday visited Baghbazar slum, where about 100 houses were gutted on Wednesday evening. Ms. Banerjee assured those affected by the major fire that the Kollkata Municipal Corporation would construct and rest\xe2\x80\xa6 https://t.co/SQrJn2vexI https://t.co/SRiYX1VcTF'"
2021-01-14 08:13:21,b'I am pained to hear that baghbazar  shanties have ravaged by fire last evening. Let us hope that residents get help from all quarters to resume their daily life soon and forget this nightmare .'
2021-01-14 08:09:28,b'RT @pooja_news: West Bengal Chief Minister Mamata Banerjee reaches Baghbazar where fire broke out yesterday &amp; almost all shanties were comp\xe2\x80\xa6'
2021-01-14 08:07:26,b'RT @pooja_news: West Bengal Chief Minister Mamata Banerjee reaches Baghbazar where fire broke out yesterday &amp; almost all shanties were comp\xe2\x80\xa6'
2021-01-14 08:05:19,b'@pooja_news Very sad to know that every resident has lost their home &amp; belongings in the devasting fire in baghbazar'
2021-01-14 08:04:17,"b'CM #MamataBanerjee today reached #Baghbazar where the blaze destroyed homes of 100 families living in shanties. #KMC will rehabilitate them and alternate arrangements have been made for now. Food, blanket &amp; shelter to be provided by the state govt in the time being. https://t.co/6PzPLykAcw'"
2021-01-14 07:59:14,b'RT @pooja_news: West Bengal Chief Minister Mamata Banerjee reaches Baghbazar where fire broke out yesterday &amp; almost all shanties were comp\xe2\x80\xa6'
2021-01-14 07:47:03,b'RT @pooja_news: West Bengal Chief Minister Mamata Banerjee reaches Baghbazar where fire broke out yesterday &amp; almost all shanties were comp\xe2\x80\xa6'
2021-01-14 07:38:41,b'RT @pooja_news: West Bengal Chief Minister Mamata Banerjee reaches Baghbazar where fire broke out yesterday &amp; almost all shanties were comp\xe2\x80\xa6'
2021-01-14 07:33:12,b'West Bengal Chief Minister Mamata Banerjee reaches Baghbazar where fire broke out yesterday &amp; almost all shanties were completely ravaged by fire. Banerjee assured KMC will provide houses in the same place &amp; meanwhile alternative arrangements for them to stay have been made. https://t.co/4hmb5Pae7U'
2021-01-14 07:05:36,"b'RT @binaniyash4: Prayers for Baghbazar , Kolkata . Slum people .\nMultiple cylinder blasts reported in the slums opposite Baghbazar women Co\xe2\x80\xa6'"
2021-01-14 07:03:00,"b""Major #fire brokep-out in #Kolkata's #Baghbazar on Wednesday; 27 fire tenders rushed to spot, no casualties reported . @BJPMM4Bengal state president @paulagnimitra1 &amp; North Kolkata district BJMM President Smt Shilpi Mukherjee with many karyakartas rushed to the spot. https://t.co/rMY829PLh8"""
2021-01-14 06:49:50,b'I heard about the incident regarding Baghbazar in the morning. It is tragic. The government should consider the matter with sympathy.\n\n#pathetic #Kolkata #fire #Baghbazar \n\nhttps://t.co/Z0oaRsXKcS'
2021-01-14 06:33:15,"b""RT @iindrojit: Major fire at a slum in north Kolkata's Baghbazar, several shanties gutted, 20 fire tenders at spot https://t.co/oB1PcZbKkP"""
2021-01-14 06:30:04,"b""Major #fire break-out in #Kolkata's #Baghbazar on Wednesday; 25 fire tenders rushed to spot, no casualties reported https://t.co/d1huJLRJ7x"""
2021-01-14 05:07:22,b'@iamharshpansari @Zee24Ghanta @calcutta_news @abpanandatv Elections are coming.\nAnd back to back from duttabad to baghbazar all slum areas \nSome thing is not right'
2021-01-14 04:44:42,b'RT @BJYMInNK: Fierce fire near Sharda temple Baghbazar.\n@BJYMinWB @KhanSaumitra https://t.co/JoP3uNbDOx'
2021-01-14 04:30:00,"b""Massive fire Breaks Out At Kolkata's Baghbazar, Several injured \n\n#Kolkata #Baghbazar #NTVNews #NTVTelugu https://t.co/daha84zFvp"""
2021-01-14 04:11:25,b'More than 100 shanties in Baghbazar were gutted in a fire on Wednesday evening. https://t.co/pctqxHMeRQ'
2021-01-14 03:51:22,b'@MamataOfficial @FirhadHakim @aitmc KINDLY HELP PEOPLE OF BAGHBAZAR MISHAP... THEY NEED YOU.'
2021-01-14 03:29:51,"b""RT @Dilsedesh: Massive fire in Central Kolkata's Baghbazar.\n15 fire engines at the venue.\nBlasts reported opposite Baghbazar Women College.\xe2\x80\xa6"""
2021-01-14 03:18:50,"b""RT @iindrojit: Major fire at a slum in north Kolkata's Baghbazar, several shanties gutted, 20 fire tenders at spot https://t.co/oB1PcZbKkP"""
2021-01-14 03:04:05,"b""RT @iindrojit: Major fire at a slum in north Kolkata's Baghbazar, several shanties gutted, 20 fire tenders at spot https://t.co/oB1PcZbKkP"""
2021-01-14 02:57:59,"b""RT @birati_mariners: Massive fire at Kolkata's Baghbazar.\n\n\xf0\x9f\x99\x8f #Baghbazar #Kolkata https://t.co/cfuJnaUYMA"""
2021-01-14 02:34:33,b'RT @TheQuint: A fire broke out at a colony in #Baghbazar area of Kolkata on Wednesday. As many as 25 fire tenders were rushed to the spot.\xe2\x80\xa6'
2021-01-14 02:31:11,"b""RT @ndtv: #Update | A massive fire broke out in Kolkata's #Baghbazar area this evening. 20 fire engines are at the spot trying to bring the\xe2\x80\xa6"""
2021-01-14 02:25:51,"b'Massive fire breaks out at Bagbazar slum area in north #Kolkata spread to Mayer Bari at least 25 fire tenders at the scene, no casualties reported so far. #Baghbazar https://t.co/3pyKtNnjxq'"
2021-01-14 02:20:06,b'Fire kolkata Baghbazar cylinders explode fire tenders operations damage casualties latest\xc2\xa0news https://t.co/s7lD851be5'
2021-01-14 01:55:18,b'RT @SreyashiDey: RAF deployed at #Baghbazar. \n\nAngry locals say the fire engines reached late. Fire still not under control. Media has also\xe2\x80\xa6'
2021-01-14 01:48:23,"b'RT @ANI: Kolkata: Fire breaks out at Baghbazar area, 10 fire tenders present at the spot https://t.co/2pZ4fuhnLt'"
2021-01-14 01:43:04,"b'RT @anjleenamacwan: Massive Fire At #Kolkata\xe2\x80\x99s #Baghbazar, fire tenders at the spot. https://t.co/BnFyA7pbpv'"
2021-01-14 01:07:15,"b'RT @binaniyash4: Prayers for Baghbazar , Kolkata . Slum people .\nMultiple cylinder blasts reported in the slums opposite Baghbazar women Co\xe2\x80\xa6'"
2021-01-14 00:48:32,b'@its_raf05 Baghbazar ....stay safe!'
2021-01-14 00:31:59,"b'RT @fpjindia: West Bengal: Massive fire breaks out at Baghbazar area in north Kolkata, reports @aritrasingha1 \n\nhttps://t.co/26mhLyUw2j'"
2021-01-14 00:22:01,"b'RT @binaniyash4: Prayers for Baghbazar , Kolkata . Slum people .\nMultiple cylinder blasts reported in the slums opposite Baghbazar women Co\xe2\x80\xa6'"
2021-01-13 23:15:13,"b'Fire breaks out at Kolkata\xe2\x80\x99s Baghbazar, cylinders explode; 20 fire tenders\xc2\xa0rushed https://t.co/tYbyy9xHX8'"
2021-01-13 22:08:35,"b""Massive Fire At Kolkata's Baghbazar, 25 Fire Engines At The Spot..... https://t.co/iJWxeestEI"""
2021-01-13 21:34:46,"b'Massive Fire At Kolkata\xe2\x80\x99s Baghbazar, 25 Fire Engines At The Spot https://t.co/IDn4XUKFz3'"
2021-01-13 20:25:30,"b'RT @binaniyash4: Prayers for Baghbazar , Kolkata . Slum people .\nMultiple cylinder blasts reported in the slums opposite Baghbazar women Co\xe2\x80\xa6'"
2021-01-13 20:02:04,"b""RT @SSanyal: Massive fire in #Kolkata's Baghbazar area, 20 fire tenders rushed to the spot @NewsMobileIndia https://t.co/sxaLtKez5u"""
2021-01-13 19:49:17,b'RT @BJYMInNK: Fierce fire near Sharda temple Baghbazar.\n@BJYMinWB @KhanSaumitra https://t.co/JoP3uNbDOx'
2021-01-13 19:04:47,b'RT @BJYMInNK: Fierce fire near Sharda temple Baghbazar.\n@BJYMinWB @KhanSaumitra https://t.co/JoP3uNbDOx'
2021-01-13 18:57:43,b'RT @SreyashiDey: RAF deployed at #Baghbazar. \n\nAngry locals say the fire engines reached late. Fire still not under control. Media has also\xe2\x80\xa6'
2021-01-13 18:57:30,"b""Massive Fire Breaks Out at Kolkata's Baghbazar Area, 25 Fire Tenders Rush to Spot\n#Kolkata #fire https://t.co/8Le9WCOn4q"""
2021-01-13 18:51:04,"b""RT @Dilsedesh: Massive fire in Central Kolkata's Baghbazar.\n15 fire engines at the venue.\nBlasts reported opposite Baghbazar Women College.\xe2\x80\xa6"""
2021-01-13 18:34:24,b'RT @SreyashiDey: Fire under control. #TMC MP Sudip Bandhopadhyay &amp; Minister Firhad Hakim at the spot. 800 families affected due to the blaz\xe2\x80\xa6'
2021-01-13 18:31:26,b'Fierce fire near Sharda temple Baghbazar.\n@BJYMinWB @KhanSaumitra https://t.co/JoP3uNbDOx'
2021-01-13 18:30:23,"b""RT @Dilsedesh: Massive fire in Central Kolkata's Baghbazar.\n15 fire engines at the venue.\nBlasts reported opposite Baghbazar Women College.\xe2\x80\xa6"""
2021-01-13 18:25:27,"b'RT @binaniyash4: Prayers for Baghbazar , Kolkata . Slum people .\nMultiple cylinder blasts reported in the slums opposite Baghbazar women Co\xe2\x80\xa6'"
2021-01-13 18:23:35,"b'RT @binaniyash4: Prayers for Baghbazar , Kolkata . Slum people .\nMultiple cylinder blasts reported in the slums opposite Baghbazar women Co\xe2\x80\xa6'"
2021-01-13 18:16:11,"b""RT @iindrojit: Major fire at a slum in north Kolkata's Baghbazar, several shanties gutted, 20 fire tenders at spot https://t.co/oB1PcZbKkP"""
2021-01-13 18:12:29,"b'RT @binaniyash4: Prayers for Baghbazar , Kolkata . Slum people .\nMultiple cylinder blasts reported in the slums opposite Baghbazar women Co\xe2\x80\xa6'"
2021-01-13 18:12:09,"b'RT @binaniyash4: Prayers for Baghbazar , Kolkata . Slum people .\nMultiple cylinder blasts reported in the slums opposite Baghbazar women Co\xe2\x80\xa6'"
2021-01-13 17:52:44,"b""RT @Dilsedesh: Massive fire in Central Kolkata's Baghbazar.\n15 fire engines at the venue.\nBlasts reported opposite Baghbazar Women College.\xe2\x80\xa6"""
2021-01-13 17:49:15,"b'Massive fire breaks out at Baghbazar, Kolkata https://t.co/xU9hAXmMjh'"
2021-01-13 17:48:43,"b'RT @binaniyash4: Prayers for Baghbazar , Kolkata . Slum people .\nMultiple cylinder blasts reported in the slums opposite Baghbazar women Co\xe2\x80\xa6'"
2021-01-13 17:45:02,"b""RT @iindrojit: Major fire at a slum in north Kolkata's Baghbazar, several shanties gutted, 20 fire tenders at spot https://t.co/oB1PcZbKkP"""
2021-01-13 17:41:58,"b'RT @binaniyash4: Prayers for Baghbazar , Kolkata . Slum people .\nMultiple cylinder blasts reported in the slums opposite Baghbazar women Co\xe2\x80\xa6'"
2021-01-13 17:41:40,"b""RT @iindrojit: Major fire at a slum in north Kolkata's Baghbazar, several shanties gutted, 20 fire tenders at spot https://t.co/oB1PcZbKkP"""
2021-01-13 17:39:23,"b'Kolkata: Fire breaks out in Baghbazar area, no casualties reported - https://t.co/d3AmAv06ea https://t.co/ZxRh3PHY6C #WestBengal'"
2021-01-13 17:37:15,"b""Massive Fire At Kolkata's Baghbazar, 25 Fire Engines At The Spot  https://t.co/s4zXzrqbna via @GoogleNews"""
2021-01-13 17:37:09,"b""Massive Fire At Kolkata's Baghbazar, 25 Fire Engines At The Spot https://t.co/s4zXzrqbna via @GoogleNews"""
2021-01-13 17:36:06,"b""RT @Dilsedesh: Massive fire in Central Kolkata's Baghbazar.\n15 fire engines at the venue.\nBlasts reported opposite Baghbazar Women College.\xe2\x80\xa6"""
2021-01-13 17:35:14,"b'Massive Fire At #Kolkata\xe2\x80\x99s #Baghbazar, fire tenders at the spot. https://t.co/BnFyA7pbpv'"
2021-01-13 17:27:56,"b'RT @binaniyash4: Prayers for Baghbazar , Kolkata . Slum people .\nMultiple cylinder blasts reported in the slums opposite Baghbazar women Co\xe2\x80\xa6'"
2021-01-13 17:18:51,b'RT @SreyashiDey: Fire under control. #TMC MP Sudip Bandhopadhyay &amp; Minister Firhad Hakim at the spot. 800 families affected due to the blaz\xe2\x80\xa6'
2021-01-13 17:18:34,"b'RT @binaniyash4: Prayers for Baghbazar , Kolkata . Slum people .\nMultiple cylinder blasts reported in the slums opposite Baghbazar women Co\xe2\x80\xa6'"
2021-01-13 17:18:06,"b'RT @binaniyash4: Prayers for Baghbazar , Kolkata . Slum people .\nMultiple cylinder blasts reported in the slums opposite Baghbazar women Co\xe2\x80\xa6'"
2021-01-13 17:17:56,"b""RT @ndtv: Massive Fire At Kolkata's #Baghbazar, 20 Fire Engines At The Spot https://t.co/hikBHKCujM https://t.co/klbGPYOilU"""
2021-01-13 17:17:31,b'Fire under control. #TMC MP Sudip Bandhopadhyay &amp; Minister Firhad Hakim at the spot. 800 families affected due to the blaze in #Baghbazar today. https://t.co/09l8JLWnzj'
2021-01-13 17:14:28,"b'RT @binaniyash4: Prayers for Baghbazar , Kolkata . Slum people .\nMultiple cylinder blasts reported in the slums opposite Baghbazar women Co\xe2\x80\xa6'"
2021-01-13 17:12:19,"b'RT @binaniyash4: Prayers for Baghbazar , Kolkata . Slum people .\nMultiple cylinder blasts reported in the slums opposite Baghbazar women Co\xe2\x80\xa6'"
2021-01-13 17:12:12,"b'RT @binaniyash4: Prayers for Baghbazar , Kolkata . Slum people .\nMultiple cylinder blasts reported in the slums opposite Baghbazar women Co\xe2\x80\xa6'"
2021-01-13 17:11:59,b'@MamataOfficial Watching the devastating scenes on TV now of the Baghbazar Slum fire outbreak ! In the last 10 years how many slum redevelopment initiatives have been undertaken to deslummify Calcutta ? Shame on KMC to have been sitting and doing nothing to de-slummify Calcutta !'
2021-01-13 17:11:57,"b""RT @iindrojit: Major fire at a slum in north Kolkata's Baghbazar, several shanties gutted, 20 fire tenders at spot https://t.co/oB1PcZbKkP"""
2021-01-13 17:11:54,"b""RT @Dilsedesh: Massive fire in Central Kolkata's Baghbazar.\n15 fire engines at the venue.\nBlasts reported opposite Baghbazar Women College.\xe2\x80\xa6"""
2021-01-13 17:11:53,"b'RT @binaniyash4: Prayers for Baghbazar , Kolkata . Slum people .\nMultiple cylinder blasts reported in the slums opposite Baghbazar women Co\xe2\x80\xa6'"
2021-01-13 17:10:47,"b'RT @binaniyash4: Prayers for Baghbazar , Kolkata . Slum people .\nMultiple cylinder blasts reported in the slums opposite Baghbazar women Co\xe2\x80\xa6'"
2021-01-13 17:09:20,"b'RT @binaniyash4: Prayers for Baghbazar , Kolkata . Slum people .\nMultiple cylinder blasts reported in the slums opposite Baghbazar women Co\xe2\x80\xa6'"
2021-01-13 17:09:06,"b'RT @binaniyash4: Prayers for Baghbazar , Kolkata . Slum people .\nMultiple cylinder blasts reported in the slums opposite Baghbazar women Co\xe2\x80\xa6'"
2021-01-13 17:09:05,"b'RT @binaniyash4: Prayers for Baghbazar , Kolkata . Slum people .\nMultiple cylinder blasts reported in the slums opposite Baghbazar women Co\xe2\x80\xa6'"
2021-01-13 17:07:30,"b'RT @binaniyash4: Prayers for Baghbazar , Kolkata . Slum people .\nMultiple cylinder blasts reported in the slums opposite Baghbazar women Co\xe2\x80\xa6'"
2021-01-13 17:07:08,"b'RT @binaniyash4: Prayers for Baghbazar , Kolkata . Slum people .\nMultiple cylinder blasts reported in the slums opposite Baghbazar women Co\xe2\x80\xa6'"
2021-01-13 17:06:19,"b'RT @binaniyash4: Prayers for Baghbazar , Kolkata . Slum people .\nMultiple cylinder blasts reported in the slums opposite Baghbazar women Co\xe2\x80\xa6'"
2021-01-13 17:06:04,"b'RT @binaniyash4: Prayers for Baghbazar , Kolkata . Slum people .\nMultiple cylinder blasts reported in the slums opposite Baghbazar women Co\xe2\x80\xa6'"
2021-01-13 17:03:13,"b'RT @binaniyash4: Prayers for Baghbazar , Kolkata . Slum people .\nMultiple cylinder blasts reported in the slums opposite Baghbazar women Co\xe2\x80\xa6'"
2021-01-13 17:01:25,"b'this fire in baghbazar, they are saying that it spread due to gas cylinder explosions , &amp; there were about 9 or 10 such explosions , but one footage showed a mushroom cloud'"
2021-01-13 17:00:38,"b'RT @binaniyash4: Prayers for Baghbazar , Kolkata . Slum people .\nMultiple cylinder blasts reported in the slums opposite Baghbazar women Co\xe2\x80\xa6'"
2021-01-13 17:00:16,"b'RT @binaniyash4: Prayers for Baghbazar , Kolkata . Slum people .\nMultiple cylinder blasts reported in the slums opposite Baghbazar women Co\xe2\x80\xa6'"
2021-01-13 16:58:25,b'RT @TheQuint: A fire broke out at a colony in #Baghbazar area of Kolkata on Wednesday. As many as 25 fire tenders were rushed to the spot.\xe2\x80\xa6'
2021-01-13 16:58:04,"b""RT @iindrojit: Major fire at a slum in north Kolkata's Baghbazar, several shanties gutted, 20 fire tenders at spot https://t.co/oB1PcZbKkP"""
2021-01-13 16:52:40,b'RT @PratimDGupta: Terrible scenes from Baghbazar area in Kolkata streaming on TV. Huge fire. 105 slum homes reduced to ashes. Wind making i\xe2\x80\xa6'
2021-01-13 16:50:52,"b""RT @Dilsedesh: Massive fire in Central Kolkata's Baghbazar.\n15 fire engines at the venue.\nBlasts reported opposite Baghbazar Women College.\xe2\x80\xa6"""
2021-01-13 16:48:00,"b'RT @binaniyash4: Prayers for Baghbazar , Kolkata . Slum people .\nMultiple cylinder blasts reported in the slums opposite Baghbazar women Co\xe2\x80\xa6'"
2021-01-13 16:47:16,"b""RT @ndtv: #Update | A massive fire broke out in Kolkata's #Baghbazar area this evening. 20 fire engines are at the spot trying to bring the\xe2\x80\xa6"""
2021-01-13 16:47:07,"b""RT @SSanyal: Massive fire in #Kolkata's Baghbazar area, 20 fire tenders rushed to the spot @NewsMobileIndia https://t.co/sxaLtKez5u"""
2021-01-13 16:45:39,"b'@amitmalviya Do u know there was a fire at baghbazar area , where Covid vaccine is kept for distribution'"
2021-01-13 16:44:22,b'RT @TheQuint: A fire broke out at a colony in #Baghbazar area of Kolkata on Wednesday. As many as 25 fire tenders were rushed to the spot.\xe2\x80\xa6'
2021-01-13 16:44:16,"b'RT @binaniyash4: Prayers for Baghbazar , Kolkata . Slum people .\nMultiple cylinder blasts reported in the slums opposite Baghbazar women Co\xe2\x80\xa6'"
2021-01-13 16:44:06,"b'RT @binaniyash4: Prayers for Baghbazar , Kolkata . Slum people .\nMultiple cylinder blasts reported in the slums opposite Baghbazar women Co\xe2\x80\xa6'"
2021-01-13 16:41:34,b'A fire broke out at a colony in #Baghbazar area of Kolkata on Wednesday. As many as 25 fire tenders were rushed to the spot. There are no reports yet on any casualties.\nCatch more here: https://t.co/CmDtl3HS8w https://t.co/AKEcwTGMzb'
2021-01-13 16:39:50,"b""A massive fire broke out today in Kolkata's Baghbazar as several shanties were gutted in the fire following multiple cylinder blasts. 25 fires tenders were rushed to the spot and firefighters are trying to douse the flames.\n\n#TheAssamTribune #BaghbazarFire\n\n@KolkataPolice https://t.co/gIOdPnhl0k"""
2021-01-13 16:39:01,"b""RT @Dilsedesh: Massive fire in Central Kolkata's Baghbazar.\n15 fire engines at the venue.\nBlasts reported opposite Baghbazar Women College.\xe2\x80\xa6"""
2021-01-13 16:38:39,"b'RT @ANI: Kolkata: Fire breaks out at Baghbazar area, 10 fire tenders present at the spot https://t.co/2pZ4fuhnLt'"
2021-01-13 16:37:34,"b""RT @Shahnazsays: #WestBengal: Fire breaks out near Baghbazar's slum area of Kolkata, eight fire tenders present at the spot. https://t.co/O\xe2\x80\xa6"""
2021-01-13 16:37:25,"b'RT @prema_rajaram: Fire breaks out at Baghbazar area or Kolkata,20 fire engines on spot,shanties https://t.co/Niz3VkAJlk one injured as per\xe2\x80\xa6'"
2021-01-13 16:37:17,"b""RT @iindrojit: Major fire at a slum in north Kolkata's Baghbazar, several shanties gutted, 20 fire tenders at spot https://t.co/oB1PcZbKkP"""
2021-01-13 16:36:51,b'RT @NKAgarwal1234: *Massive fire breaks out at a colony in Kolkata\xe2\x80\x99s Baghbazar area. As many as 10 fire tenders are currently working at sp\xe2\x80\xa6'
2021-01-13 16:34:46,"b""Massive fire at Kolkata's Baghbazar.\n\n\xf0\x9f\x99\x8f #Baghbazar #Kolkata https://t.co/Cr9MFarCAc"""
2021-01-13 16:34:44,b'RT @PratimDGupta: Terrible scenes from Baghbazar area in Kolkata streaming on TV. Huge fire. 105 slum homes reduced to ashes. Wind making i\xe2\x80\xa6'
2021-01-13 16:32:40,b'Hope no casualties https://t.co/GJDcHO05cn'
2021-01-13 16:31:21,"b""RT @birati_mariners: Massive fire at Kolkata's Baghbazar.\n\n\xf0\x9f\x99\x8f #Baghbazar #Kolkata https://t.co/cfuJnaUYMA"""
2021-01-13 16:30:41,"b""Massive fire at Kolkata's Baghbazar.\n\n\xf0\x9f\x99\x8f #Baghbazar #Kolkata https://t.co/cfuJnaUYMA"""
2021-01-13 16:29:52,b'RT @NKAgarwal1234: *Massive fire breaks out at a colony in Kolkata\xe2\x80\x99s Baghbazar area. As many as 10 fire tenders are currently working at sp\xe2\x80\xa6'
2021-01-13 16:28:47,b'*Massive fire breaks out at a colony in Kolkata\xe2\x80\x99s Baghbazar area. As many as 10 fire tenders are currently working at spot to douse the fire.* https://t.co/Q0R7CdOtsi'
2021-01-13 16:28:44,b'RT @NKAgarwal1234: *Massive fire breaks out at a colony in Kolkata\xe2\x80\x99s Baghbazar area. As many as 10 fire tenders are currently working at sp\xe2\x80\xa6'
2021-01-13 16:28:17,"b""RT @Dilsedesh: Massive fire in Central Kolkata's Baghbazar.\n15 fire engines at the venue.\nBlasts reported opposite Baghbazar Women College.\xe2\x80\xa6"""
2021-01-13 16:28:04,"b""RT @Dilsedesh: Massive fire in Central Kolkata's Baghbazar.\n15 fire engines at the venue.\nBlasts reported opposite Baghbazar Women College.\xe2\x80\xa6"""
2021-01-13 16:28:00,"b""RT @_gandharv_: Massive fire in Central Kolkata's Baghbazar.\n15 fire engines at the venue.\nBlasts reported opposite Baghbazar Women College\xe2\x80\xa6"""
2021-01-13 16:26:23,b'*Massive fire breaks out at a colony in Kolkata\xe2\x80\x99s Baghbazar area. As many as 10 fire tenders are currently working at spot to douse the fire.* https://t.co/RUuUSsXkWY'
2021-01-13 16:25:20,"b'RT @ANI: Kolkata: Fire breaks out at Baghbazar area, 10 fire tenders present at the spot https://t.co/2pZ4fuhnLt'"
2021-01-13 16:23:42,"b'RT @ANI: West Bengal: Fire breaks out at a colony in Baghbazar area of Kolkata, eight fire tenders present at the spot\n\nMore details awaited'"
2021-01-13 16:22:55,"b""RT @_gandharv_: Massive fire in Central Kolkata's Baghbazar.\n15 fire engines at the venue.\nBlasts reported opposite Baghbazar Women College\xe2\x80\xa6"""
2021-01-13 16:21:42,"b'RT @TOIKolkata: #Fire breaks out at a colony in Baghbazar area of #Kolkata, 8 fire tenders present at the spot. More details awaited (ANI)\xe2\x80\xa6'"
2021-01-13 16:21:09,b'RT @PratimDGupta: Terrible scenes from Baghbazar area in Kolkata streaming on TV. Huge fire. 105 slum homes reduced to ashes. Wind making i\xe2\x80\xa6'
2021-01-13 16:19:45,"b'#WestBengal : Fire breaks out at a colony in Baghbazar area of Kolkata , eight fire tenders present at the spot https://t.co/eDP7bwd69l'"
2021-01-13 16:16:35,"b""Massive Fire breaks out at #Kolkata's Baghbazar area; 24 fire tenders on spot.\n\n#NewsAlert https://t.co/0vXy6ooM6j"""
2021-01-13 16:13:38,"b'Fire breaks out at Kolkata\xe2\x80\x99s Baghbazar, cylinders explode; 20 hearth tenders rushed https://t.co/VlvM1N6zym'"
2021-01-13 16:12:08,"b""RT @Dilsedesh: Massive fire in Central Kolkata's Baghbazar.\n15 fire engines at the venue.\nBlasts reported opposite Baghbazar Women College.\xe2\x80\xa6"""
2021-01-13 16:10:37,b'RT @TOIKolkata: Fire at Baghbazar where fighters are trying to control the situation. A fireman is injured. \n#KolkataFire https://t.co/zDAs\xe2\x80\xa6'
2021-01-13 16:06:18,"b""RT @Dilsedesh: Massive fire in Central Kolkata's Baghbazar.\n15 fire engines at the venue.\nBlasts reported opposite Baghbazar Women College.\xe2\x80\xa6"""
2021-01-13 16:01:31,"b""Massive fire in Central Kolkata's Baghbazar. 24 fire tenders at spot to fight Bagbazar blaze, fire has spread to the Sarada Mayer Bari but all monks evacuated. Roads Blocked:- Girish Park to CR Avenue. https://t.co/kaGMgzfkpN"""
2021-01-13 16:00:29,"b'RT @binaniyash4: Prayers for Baghbazar , Kolkata . Slum people .\nMultiple cylinder blasts reported in the slums opposite Baghbazar women Co\xe2\x80\xa6'"
2021-01-13 15:58:47,"b""RT @Dilsedesh: Massive fire in Central Kolkata's Baghbazar.\n15 fire engines at the venue.\nBlasts reported opposite Baghbazar Women College.\xe2\x80\xa6"""
2021-01-13 15:58:25,b'RT @gulftoday: Massive fire guts houses in Kolkata\xe2\x80\x99s Baghbazar area \nhttps://t.co/zsgvZNhwgr \n#Kolkata https://t.co/7KMBGcvrWx'
2021-01-13 15:57:17,"b""Massive Fire At Kolkata's Baghbazar, 25 Fire Engines At The Spot - NDTV https://t.co/iKa1xp9U08"""
2021-01-13 15:57:04,"b""Fire breaks out in Kolkata's Baghbazar, no casualties; five fire tenders deployed https://t.co/5vrMcAXOv2"""
2021-01-13 15:54:42,"b'RT @binaniyash4: Prayers for Baghbazar , Kolkata . Slum people .\nMultiple cylinder blasts reported in the slums opposite Baghbazar women Co\xe2\x80\xa6'"
2021-01-13 15:54:25,"b'Prayers for Baghbazar , Kolkata . Slum people .\nMultiple cylinder blasts reported in the slums opposite Baghbazar women College. https://t.co/iN9Zmn5VhW'"
2021-01-13 15:53:23,b'Fire at Baghbazar where fighters are trying to control the situation. A fireman is injured. \n#KolkataFire https://t.co/zDAs8eBEnR'
2021-01-13 15:53:13,"b'RT @ANI: Kolkata: Fire breaks out at Baghbazar area, 10 fire tenders present at the spot https://t.co/Gcc2l8d3gl https://t.co/2pZ4fuhnLt'"
2021-01-13 15:53:07,"b""Fire breaks out at Kolkata's Baghbazar, cylinders explode; 20 fire tenders rushed  | via @indiatvnews https://t.co/PuB0zDMDAj"""
2021-01-13 15:52:53,"b""Massive Fire At Kolkata's Baghbazar, 25 Fire Engines At The Spot - NDTV https://t.co/wsmckNNmzx"""
2021-01-13 15:51:28,"b""RT @Dilsedesh: Massive fire in Central Kolkata's Baghbazar.\n15 fire engines at the venue.\nBlasts reported opposite Baghbazar Women College.\xe2\x80\xa6"""
2021-01-13 15:51:23,"b""RT @NewsMobileIndia: Massive fire breaks out at Kolkata's Baghbazar area, 20 fire engines present at spot\n\n#Kolkata #WestBengal #Baghbazar\xe2\x80\xa6"""
2021-01-13 15:51:22,"b""RT @NewsMobileIndia: Massive fire breaks out at Kolkata's Baghbazar area, 20 fire engines present at spot\n\n#Kolkata #WestBengal #Baghbazar\xe2\x80\xa6"""
2021-01-13 15:50:55,"b""RT @iindrojit: Major fire at a slum in north Kolkata's Baghbazar, several shanties gutted, 20 fire tenders at spot https://t.co/oB1PcZbKkP"""
2021-01-13 15:49:28,b'RT @gulftoday: Massive fire guts houses in Kolkata\xe2\x80\x99s Baghbazar area \nhttps://t.co/zsgvZNhwgr \n#Kolkata https://t.co/7KMBGcvrWx'
2021-01-13 15:49:04,"b""RT @Dilsedesh: Massive fire in Central Kolkata's Baghbazar.\n15 fire engines at the venue.\nBlasts reported opposite Baghbazar Women College.\xe2\x80\xa6"""
2021-01-13 15:48:25,"b""RT @Dilsedesh: Massive fire in Central Kolkata's Baghbazar.\n15 fire engines at the venue.\nBlasts reported opposite Baghbazar Women College.\xe2\x80\xa6"""
2021-01-13 15:48:00,"b'RT @TOIKolkata: #Kolkata: Fire breaks out at Baghbazar area, 10 fire tenders present at the spot. (ANI) https://t.co/5MZRosftTp'"
2021-01-13 15:47:04,"b'Fire breaks out in Kolkata Baghbazar, no casualties reported. Fire engines at the location.\n#Breaking #Kolkata'"
2021-01-13 15:46:58,"b'RT @TOIKolkata: #Fire breaks out at a colony in Baghbazar area of #Kolkata, 8 fire tenders present at the spot. More details awaited (ANI)\xe2\x80\xa6'"
2021-01-13 15:46:56,"b""RT @Dilsedesh: Massive fire in Central Kolkata's Baghbazar.\n15 fire engines at the venue.\nBlasts reported opposite Baghbazar Women College.\xe2\x80\xa6"""
2021-01-13 15:45:45,"b""RT @Dilsedesh: Massive fire in Central Kolkata's Baghbazar.\n15 fire engines at the venue.\nBlasts reported opposite Baghbazar Women College.\xe2\x80\xa6"""
2021-01-13 15:45:22,"b'West Bengal: Fire breaks out at a colony in Baghbazar area of Kolkata, eight fire tenders present at the spot\n\nMore details awaited'"
2021-01-13 15:44:36,"b""RT @Dilsedesh: Massive fire in Central Kolkata's Baghbazar.\n15 fire engines at the venue.\nBlasts reported opposite Baghbazar Women College.\xe2\x80\xa6"""
2021-01-13 15:44:35,"b""RT @Dilsedesh: Massive fire in Central Kolkata's Baghbazar.\n15 fire engines at the venue.\nBlasts reported opposite Baghbazar Women College.\xe2\x80\xa6"""
2021-01-13 15:44:23,"b""RT @Dilsedesh: Massive fire in Central Kolkata's Baghbazar.\n15 fire engines at the venue.\nBlasts reported opposite Baghbazar Women College.\xe2\x80\xa6"""
2021-01-13 15:44:13,"b""Massive Fire Breaks Out at Kolkata's Baghbazar Area, 20 Fire Tenders Rush to Spot https://t.co/HVD8H3jq9b"""
2021-01-13 15:44:07,"b'Pls pls pls be safe if u r from Baghbazar, Kolkata .. pls.. there is a fire going on... \xf0\x9f\x98\x94\xf0\x9f\x98\x94\xf0\x9f\x99\x8f'"
2021-01-13 15:43:09,"b""Massive fire in Central Kolkata's Baghbazar.\n15 fire engines at the venue.\nBlasts reported opposite Baghbazar Women College.\nRoads Blocked:- Girish Park to CR Avenue.\n\n#Bagbazar https://t.co/R6pZx84Y1v"""
2021-01-13 15:41:25,"b""Fire breaks out at a slum in Kolkata's Baghbazar area, 20 fire tenders rushed to the spot | Hindustan Times https://t.co/j3PNLqI5jw"""
2021-01-13 15:41:07,b'RT @gulftoday: Massive fire guts houses in Kolkata\xe2\x80\x99s Baghbazar area \nhttps://t.co/zsgvZNhwgr \n#Kolkata https://t.co/7KMBGcvrWx'
2021-01-13 15:40:20,"b'Hey @KolkataPolice , someone has fed poison to this dog. Location is infront of 16/1/2 Baghbazar street. When we called shyampukur thana, they were least bothered to turn up. Request you to immediately take action against the miscreants.\n\n@MamataOfficial https://t.co/xfLVKsrox0'"
2021-01-13 15:39:21,b'West Bengal: Fire breaks out at Baghbazar area in north Kolkata - Free Press Journal https://t.co/QMzdYdHm8I #WestBengal'
2021-01-13 15:36:31,"b""Massive Fire took place at Kolkata's Baghbazar, 25 Fire Engines at the spot\nhttps://t.co/41q5W6GUH0 https://t.co/vmDW6V2lsR"""
2021-01-13 15:34:58,"b'RT @ANI: Kolkata: Fire breaks out at Baghbazar area, 10 fire tenders present at the spot https://t.co/2pZ4fuhnLt'"
2021-01-13 15:34:52,"b'RT @BengalNewzIndia: @BengalNewz @Breaking_24X7 @WestBengal_BN 25 fire tenders are currently present at the spot, reports @BengalNewz. Howe\xe2\x80\xa6'"
2021-01-13 15:34:43,"b'RT @ANI: Kolkata: Fire breaks out at Baghbazar area, 10 fire tenders present at the spot https://t.co/2pZ4fuhnLt'"
2021-01-13 15:34:40,"b""RT @ndtv: #Update | A massive fire broke out in Kolkata's #Baghbazar area this evening. 20 fire engines are at the spot trying to bring the\xe2\x80\xa6"""
2021-01-13 15:34:31,"b'RT @ANI: West Bengal: Fire breaks out at a colony in Baghbazar area of Kolkata, eight fire tenders present at the spot\n\nMore details awaited'"
2021-01-13 15:34:20,"b'RT @ANI: Kolkata: Fire breaks out at Baghbazar area, 10 fire tenders present at the spot https://t.co/Gcc2l8d3gl https://t.co/2pZ4fuhnLt'"
2021-01-13 15:33:50,"b""RT @ndtv: Massive Fire At Kolkata's #Baghbazar, 20 Fire Engines At The Spot https://t.co/hikBHKCujM https://t.co/klbGPYOilU"""
2021-01-13 15:33:29,b'Oh No .....Everyone those who stay near Baghbazar stay safe please https://t.co/tw7mhQjGsP'
2021-01-13 15:32:52,b'RT @gulftoday: Massive fire guts houses in Kolkata\xe2\x80\x99s Baghbazar area \nhttps://t.co/zsgvZNhwgr \n#Kolkata https://t.co/7KMBGcvrWx'
2021-01-13 15:32:23,"b'RT @BengalNewzIndia: @BengalNewz @Breaking_24X7 @WestBengal_BN 25 fire tenders are currently present at the spot, reports @BengalNewz. Howe\xe2\x80\xa6'"
2021-01-13 15:31:54,"b'Police officers suspect gas cylinders burst in the area. A senior #Kolkata police officer, however, said the reason behind the fire was not yet known.\n\nhttps://t.co/KD9uY9FJPe'"
2021-01-13 15:31:11,"b'@BengalNewz @Breaking_24X7 @WestBengal_BN 25 fire tenders are currently present at the spot, reports @BengalNewz. However, the local people at Baghbazar have alleged that the water engines arrived late. By the time #emergency serives arrived, all the houses at nearby slum had been burnt, locals have claimed. | #Kolkata'"
2021-01-13 15:28:17,b'RT @TimesNow: #Breaking | Major fire breaks out in North Kolkata\xe2\x80\x99s Baghbazar area after multiple cylinder blasts.\n\n10 fire tenders &amp; State\xe2\x80\xa6'
2021-01-13 15:28:13,b'RT @TimesNow: #Breaking | Major fire breaks out in North Kolkata\xe2\x80\x99s Baghbazar area after multiple cylinder blasts.\n\n10 fire tenders &amp; State\xe2\x80\xa6'
2021-01-13 15:28:06,b'Massive fire guts houses in Kolkata\xe2\x80\x99s Baghbazar area \nhttps://t.co/zsgvZNhwgr \n#Kolkata https://t.co/7KMBGcvrWx'
2021-01-13 15:26:56,"b'RT @ANI: Kolkata: Fire breaks out at Baghbazar area, 10 fire tenders present at the spot https://t.co/2pZ4fuhnLt'"
2021-01-13 15:26:34,"b""RT @ndtv: Massive Fire At Kolkata's #Baghbazar, 20 Fire Engines At The Spot https://t.co/hikBHKCujM https://t.co/klbGPYOilU"""
2021-01-13 15:26:31,"b""RT @ndtv: #Update | A massive fire broke out in Kolkata's #Baghbazar area this evening. 20 fire engines are at the spot trying to bring the\xe2\x80\xa6"""
2021-01-13 15:25:31,b'RT @TimesNow: #Breaking | Major fire breaks out in North Kolkata\xe2\x80\x99s Baghbazar area after multiple cylinder blasts.\n\n10 fire tenders &amp; State\xe2\x80\xa6'
2021-01-13 15:23:55,"b'RT @ANI: Kolkata: Fire breaks out at Baghbazar area, 10 fire tenders present at the spot https://t.co/Gcc2l8d3gl https://t.co/2pZ4fuhnLt'"
2021-01-13 15:23:09,"b""Fire breaks out at a colony in #Kolkata's Baghbazar area\n\nThis is the second fire incident reported in the capital city of West Bengal today. Earlier, a fire broke out at a go-down in the Manicktala area with five fire tenders rushed to the spot, according to police officials. https://t.co/tw27izQHIt"""
2021-01-13 15:23:06,"b""Massive fire in Central Kolkata's Baghbazar.\n15 fire engines at the venue.\nBlasts reported opposite Baghbazar Women College.\nRoads Blocked:- Girish Park to CR Avenue.\n.\n.\n.\n#Kolkata #Calcutta #Baghbazar\n#Bagbazar #Fire #FireInKolkata https://t.co/H8i4M15tM8"""
2021-01-13 15:22:14,"b""RT @ndtv: Massive Fire At Kolkata's #Baghbazar, 20 Fire Engines At The Spot https://t.co/hikBHKCujM https://t.co/klbGPYOilU"""
2021-01-13 15:22:11,"b'RT @ANI: Kolkata: Fire breaks out at Baghbazar area, 10 fire tenders present at the spot https://t.co/2pZ4fuhnLt'"
2021-01-13 15:22:11,b'#Breaking | Major fire breaks out in North Kolkata\xe2\x80\x99s Baghbazar area after multiple cylinder blasts.\n\n10 fire tenders &amp; State Disaster Management team have rushed to the spot. https://t.co/r5Lva3z7ig'
2021-01-13 15:22:08,"b""RT @indiatvnews: Fire breaks out at Kolkata's Baghbazar, cylinders explode; 20 fire tenders rushed\n\nhttps://t.co/QHaVoegmuD"""
2021-01-13 15:22:05,"b""RT @SSanyal: Massive fire in #Kolkata's Baghbazar area, 20 fire tenders rushed to the spot @NewsMobileIndia https://t.co/sxaLtKez5u"""
2021-01-13 15:22:01,"b""RT @ndtv: #Update | A massive fire broke out in Kolkata's #Baghbazar area this evening. 20 fire engines are at the spot trying to bring the\xe2\x80\xa6"""
2021-01-13 15:22:01,b'RT @Plchakraborty: #Watch| Massive fire breaks out at a colony in Kolkata\xe2\x80\x99s Baghbazar area. As many as 10 fire tenders are currently workin\xe2\x80\xa6'
2021-01-13 15:21:01,b'Visuals from.Baghbazar colony https://t.co/sgbKN4hM60'
2021-01-13 15:17:31,"b""Fire breaks out at Kolkata's Baghbazar, cylinders explode; 20 fire tenders rushed\n\nhttps://t.co/QHaVoegmuD"""
2021-01-13 15:16:17,"b""Fire breaks out at a slum in Kolkata's Baghbazar area, 20 fire tenders rushed to the spot https://t.co/eTibwdxWCd"""
2021-01-13 15:15:57,b'RT @PratimDGupta: Terrible scenes from Baghbazar area in Kolkata streaming on TV. Huge fire. 105 slum homes reduced to ashes. Wind making i\xe2\x80\xa6'
2021-01-13 15:14:45,"b""RT @NewsMobileIndia: Massive fire breaks out at Kolkata's Baghbazar area, 20 fire engines present at spot\n\n#Kolkata #WestBengal #Baghbazar\xe2\x80\xa6"""
2021-01-13 15:14:26,"b""Terrible scenes from Baghbazar area in Kolkata streaming on TV. Huge fire. 105 slum homes reduced to ashes. Wind making it worse. One and a half hours now and it's still raging in that lane."""
2021-01-13 15:14:03,b'West Bengal: Fire breaks out at Baghbazar area in north Kolkata | freepressjournal https://t.co/I6guYP98sH'
2021-01-13 15:13:54,b'Fire spead out over #Baghbazar ...   gas cylinders burning in chain...\nWind causing it to be worse..\nNo casualties caught...\nFire fighters working hard to control.\nDeadly scenario..\n#BaghbazarMayerBari \nhttps://t.co/Nrl98lP1Hx https://t.co/WsS9lUVTcv'
2021-01-13 15:12:25,"b""RT @ndtv: #Update | A massive fire broke out in Kolkata's #Baghbazar area this evening. 20 fire engines are at the spot trying to bring the\xe2\x80\xa6"""
2021-01-13 15:10:49,"b'RT @fpjindia: West Bengal: Massive fire breaks out at Baghbazar area in north Kolkata, reports @aritrasingha1 \n\nhttps://t.co/26mhLyUw2j'"
2021-01-13 15:10:47,"b""RT @NewsMobileIndia: Massive fire breaks out at Kolkata's Baghbazar area, 20 fire engines present at spot\n\n#Kolkata #WestBengal #Baghbazar\xe2\x80\xa6"""
2021-01-13 15:10:24,"b""RT @SSanyal: Massive fire in #Kolkata's Baghbazar area, 20 fire tenders rushed to the spot @NewsMobileIndia https://t.co/sxaLtKez5u"""
2021-01-13 15:10:12,"b'West Bengal: Massive fire breaks out at Baghbazar area in north Kolkata, reports @aritrasingha1 \n\nhttps://t.co/26mhLyUw2j'"
2021-01-13 15:09:42,"b""RT @ashii_15: Massive Fire At Kolkata's Baghbazar, 20 Fire Engines At The Spot - NDTV https://t.co/gfAMtQ9C0h"""
2021-01-13 15:09:29,"b""RT @ashii_15: Massive Fire At Kolkata's Baghbazar, 20 Fire Engines At The Spot - NDTV https://t.co/gfAMtQ9C0h"""
2021-01-13 15:08:42,b'Massive fire broke out in Baghbazar area of North Kolkata. Grave situation. https://t.co/B0lJRWYmPg'
2021-01-13 15:08:11,"b'Kolkata: Fire breaks out in Baghbazar area, no casualties reported   https://t.co/7sv9JGd0wo via @scroll_in'"
2021-01-13 15:07:52,"b'Kolkata: Fire breaks out in Baghbazar area, no casualties reported https://t.co/7sv9JGd0wo via @scroll_in'"
2021-01-13 15:07:37,"b'Fire breaks out at Baghbazar area or Kolkata,20 fire engines on spot,shanties https://t.co/Niz3VkAJlk one injured as per initial reports. https://t.co/KRbFucueOw'"
2021-01-13 15:07:04,"b'@KolkataPolice:, @AmitShahOffice @pmo Fire breaks out in Baghbazar area, no casualties reported https://t.co/7sv9JGd0wo via @scroll_in'"
2021-01-13 15:07:03,"b""Massive Fire At Kolkata's Baghbazar, 20 Fire Engines At The Spot - NDTV https://t.co/gfAMtQ9C0h"""
2021-01-13 15:05:57,b'RAF deployed at #Baghbazar. \n\nAngry locals say the fire engines reached late. Fire still not under control. Media has also been attacked by the locals at the spot. \n\nFire Minister currently in Gangasagar taking stock of the preparations of the pilgrimage. https://t.co/lA7ML4dTyA'
2021-01-13 15:05:31,"b'RT @ANI: Kolkata: Fire breaks out at Baghbazar area, 10 fire tenders present at the spot https://t.co/2pZ4fuhnLt'"
2021-01-13 15:05:24,"b'BaghBazar (kol) under fire,\nPray for it \xf0\x9f\x98\xa2'"
2021-01-13 15:04:27,"b'Massive fire breaks out at a colony(Basti) in Kolkata\xe2\x80\x99s Baghbazar area. Why there are large number of Basti (dwelling place with temporary structures) in and around Kolkata City ? If State Govt does not initiate the removal of such BASTIs from the City area, then there is every'"
2021-01-13 15:04:04,"b""RT @NewsMobileIndia: Massive fire breaks out at Kolkata's Baghbazar area, 20 fire engines present at spot\n\n#Kolkata #WestBengal #Baghbazar\xe2\x80\xa6"""
2021-01-13 15:02:47,"b""RT @ndtv: Massive Fire At Kolkata's #Baghbazar, 20 Fire Engines At The Spot https://t.co/hikBHKCujM https://t.co/klbGPYOilU"""
2021-01-13 15:02:43,"b'RT @ANI: Kolkata: Fire breaks out at Baghbazar area, 10 fire tenders present at the spot https://t.co/2pZ4fuhnLt'"
2021-01-13 15:02:18,"b'RT @ANI: West Bengal: Fire breaks out at a colony in Baghbazar area of Kolkata, eight fire tenders present at the spot\n\nMore details awaited'"
2021-01-13 15:02:05,"b""RT @htTweets: Fire breaks out at a colony in Kolkata's Baghbazar area, 8 fire tenders present at site\n\nhttps://t.co/NNBFoCfz89 https://t.co\xe2\x80\xa6"""
2021-01-13 15:02:02,"b""RT @ndtv: Massive Fire At Kolkata's #Baghbazar, 20 Fire Engines At The Spot https://t.co/hikBHKCujM https://t.co/klbGPYOilU"""
2021-01-13 15:01:35,b'West Bengal: Fire breaks out at Baghbazar area in north Kolkata\n\n#WestBengal #Kolkata\n\nhttps://t.co/26mhLyUw2j'
2021-01-13 15:01:01,"b""RT @ndtvfeed: Massive Fire At Kolkata's Baghbazar, 20 Fire Engines At The Spot https://t.co/m2RTnib5tT https://t.co/HV4EvachwL"""
2021-01-13 15:00:40,b'RT @Plchakraborty: #Watch| Massive fire breaks out at a colony in Kolkata\xe2\x80\x99s Baghbazar area. As many as 10 fire tenders are currently workin\xe2\x80\xa6'
2021-01-13 14:59:24,"b'RT @utkarshs88: West #Bengal : Fire breaks out at a colony in #Baghbazar area of #Kolkata , eight fire tenders present at the spot https://\xe2\x80\xa6'"
2021-01-13 14:58:29,"b'#Kolkata: Fire breaks out at Baghbazar area, 10 fire tenders present at the spot. (ANI) https://t.co/5MZRosftTp'"
2021-01-13 14:57:30,"b'RT @ANI: Kolkata: Fire breaks out at Baghbazar area, 10 fire tenders present at the spot https://t.co/2pZ4fuhnLt'"
2021-01-13 14:56:34,"b'RT @ANI: Kolkata: Fire breaks out at Baghbazar area, 10 fire tenders present at the spot https://t.co/2pZ4fuhnLt'"
2021-01-13 14:56:01,"b""RT @ndtv: #Update | A massive fire broke out in Kolkata's #Baghbazar area this evening. 20 fire engines are at the spot trying to bring the\xe2\x80\xa6"""
2021-01-13 14:55:27,"b'RT @ANI: Kolkata: Fire breaks out at Baghbazar area, 10 fire tenders present at the spot https://t.co/2pZ4fuhnLt'"
2021-01-13 14:55:20,"b'RT @ANI: Kolkata: Fire breaks out at Baghbazar area, 10 fire tenders present at the spot https://t.co/Gcc2l8d3gl https://t.co/2pZ4fuhnLt'"
2021-01-13 14:55:01,"b""RT @ndtv: #Update | A massive fire broke out in Kolkata's #Baghbazar area this evening. 20 fire engines are at the spot trying to bring the\xe2\x80\xa6"""
2021-01-13 14:53:18,"b'RT @ANI: Kolkata: Fire breaks out at Baghbazar area, 10 fire tenders present at the spot https://t.co/2pZ4fuhnLt'"
2021-01-13 14:53:10,"b""RT @ndtv: #Update | A massive fire broke out in Kolkata's #Baghbazar area this evening. 20 fire engines are at the spot trying to bring the\xe2\x80\xa6"""
2021-01-13 14:52:53,"b'RT @ANI: Kolkata: Fire breaks out at Baghbazar area, 10 fire tenders present at the spot https://t.co/2pZ4fuhnLt'"
2021-01-13 14:52:52,"b""RT @NewsMobileIndia: Massive fire breaks out at Kolkata's Baghbazar area, 20 fire engines present at spot\n\n#Kolkata #WestBengal #Baghbazar\xe2\x80\xa6"""
2021-01-13 14:52:50,"b'RT @TheDailyPioneer: Kolkata: Fire breaks out at Baghbazar area, 10 fire tenders present at the spot. https://t.co/OR1Kh8DPKX'"
2021-01-13 14:52:11,"b'RT @ANI: Kolkata: Fire breaks out at Baghbazar area, 10 fire tenders present at the spot https://t.co/2pZ4fuhnLt'"
2021-01-13 14:52:07,"b'Kolkata: Fire breaks out at Baghbazar area, 10 fire tenders present at the spot https://t.co/2GJpH6zj1n'"
2021-01-13 14:52:06,"b""#Update | A massive fire broke out in Kolkata's #Baghbazar area this evening. 20 fire engines are at the spot trying to bring the fire under control which broke out at a slum in the area. No one has been injured yet \n\nRead here: https://t.co/hikBHKCujM https://t.co/BhKiOXLcqL"""
2021-01-13 14:52:05,"b""RT @ndtv: Massive Fire At Kolkata's #Baghbazar, 20 Fire Engines At The Spot https://t.co/hikBHKCujM https://t.co/klbGPYOilU"""
2021-01-13 14:51:36,"b'RT @ANI: West Bengal: Fire breaks out at a colony in Baghbazar area of Kolkata, eight fire tenders present at the spot\n\nMore details awaited'"
2021-01-13 14:51:14,"b'RT @ANI: Kolkata: Fire breaks out at Baghbazar area, 10 fire tenders present at the spot https://t.co/2pZ4fuhnLt'"
2021-01-13 14:50:56,"b'RT @ANI: Kolkata: Fire breaks out at Baghbazar area, 10 fire tenders present at the spot https://t.co/Gcc2l8d3gl https://t.co/2pZ4fuhnLt'"
2021-01-13 14:50:51,"b'Blasts were heard in the slum which police suspect to be of gas cylinders at the houses on fire, officials said.\n https://t.co/ad1VXk3CiX'"
2021-01-13 14:50:29,"b'RT @ANI: Kolkata: Fire breaks out at Baghbazar area, 10 fire tenders present at the spot https://t.co/2pZ4fuhnLt'"
2021-01-13 14:50:26,"b'West Bengal: Fire breaks out at a colony in Baghbazar area of Kolkata, eight fire tenders present at the spot\n\nMore details awaited #Kolkata'"
2021-01-13 14:50:13,"b'Kolkata: Fire breaks out at Baghbazar area, 10 fire tenders present at the spot. https://t.co/OR1Kh8DPKX'"
2021-01-13 14:50:08,"b'RT @ANI: Kolkata: Fire breaks out at Baghbazar area, 10 fire tenders present at the spot https://t.co/2pZ4fuhnLt'"
2021-01-13 14:50:03,b'Pray for Baghbazar Slum\n\nMultiple cylinder blasts reported in the slums opposite Baghbazar women College.\n\n https://t.co/EJcrxgny7C'
2021-01-13 14:50:02,b'Massive fire breaks out at a colony in Kolkata\xe2\x80\x99s Baghbazar area. As many as 10 fire tenders are currently working at spot to douse the fire. No injury has been reported as of yet. https://t.co/P0CgH6Lg9h'
2021-01-13 14:50:01,"b""Massive Fire At Kolkata's #Baghbazar, 20 Fire Engines At The Spot https://t.co/hikBHKCujM https://t.co/klbGPYOilU"""
2021-01-13 14:49:53,"b'RT @ANI: Kolkata: Fire breaks out at Baghbazar area, 10 fire tenders present at the spot https://t.co/2pZ4fuhnLt'"
2021-01-13 14:49:05,"b'RT @ANI: Kolkata: Fire breaks out at Baghbazar area, 10 fire tenders present at the spot https://t.co/2pZ4fuhnLt'"
2021-01-13 14:48:51,"b'Kolkata: Fire breaks out at Baghbazar area, 10 fire tenders present at the spot https://t.co/Gcc2l8d3gl https://t.co/2pZ4fuhnLt'"
2021-01-13 14:44:05,b'RT @indiacom: The fire during the evening rush hours led to a massive traffic snarl in the area.\n#fire \n#kolkata \n#westbengal \n\nhttps://t.c\xe2\x80\xa6'
2021-01-13 14:42:58,b'The fire during the evening rush hours led to a massive traffic snarl in the area.\n#fire \n#kolkata \n#westbengal \n\nhttps://t.co/MtmT89I100'
2021-01-13 14:42:46,"b""RT @iindrojit: Major fire at a slum in north Kolkata's Baghbazar, several shanties gutted, 20 fire tenders at spot https://t.co/oB1PcZbKkP"""
2021-01-13 14:42:25,"b'RT @scroll_in: Kolkata: Fire breaks out in Baghbazar area, no casualties reported\n\nhttps://t.co/Tt0oF0SYCU'"
2021-01-13 14:41:56,"b""RT @iindrojit: Major fire at a slum in north Kolkata's Baghbazar, several shanties gutted, 20 fire tenders at spot https://t.co/oB1PcZbKkP"""
2021-01-13 14:41:33,"b""RT @NewsMobileIndia: Massive fire breaks out at Kolkata's Baghbazar area, 20 fire engines present at spot\n\n#Kolkata #WestBengal #Baghbazar\xe2\x80\xa6"""
2021-01-13 14:41:05,"b""RT @iindrojit: Major fire at a slum in north Kolkata's Baghbazar, several shanties gutted, 20 fire tenders at spot https://t.co/oB1PcZbKkP"""
2021-01-13 14:40:18,"b""RT @NewsMobileIndia: Massive fire breaks out at Kolkata's Baghbazar area, 20 fire engines present at spot\n\n#Kolkata #WestBengal #Baghbazar\xe2\x80\xa6"""
2021-01-13 14:39:40,b'@ANI Hmmm baghbazar hv spent 22 yrs living there in nand lal bose lane baghbazar during childhood hope and pray for all safety'
2021-01-13 14:39:30,"b""Major fire at a slum in north Kolkata's Baghbazar, several shanties gutted, 20 fire tenders at spot https://t.co/oB1PcZbKkP"""
2021-01-13 14:38:36,"b""RT @NewsMobileIndia: Massive fire breaks out at Kolkata's Baghbazar area, 20 fire engines present at spot\n\n#Kolkata #WestBengal #Baghbazar\xe2\x80\xa6"""
2021-01-13 14:38:32,"b""Fire breaks out at a colony in Kolkata's Baghbazar area, 20 fire tenders present at site https://t.co/eTibwdxWCd"""
2021-01-13 14:38:28,"b""Massive fire in #Kolkata's Baghbazar area, 20 fire tenders rushed to the spot @NewsMobileIndia https://t.co/sxaLtKez5u"""
2021-01-13 14:37:46,"b""Massive fire breaks out at Kolkata's Baghbazar area, 20 fire engines present at spot\n\n#Kolkata #WestBengal #Baghbazar https://t.co/dvlWTRrAO1"""
2021-01-13 14:37:15,"b""Massive Fire At Kolkata's Baghbazar, 20 Fire Engines At The Spot - NDTV https://t.co/GXHBn6DTfo"""
2021-01-13 14:35:41,b'RT @Plchakraborty: #Watch| Massive fire breaks out at a colony in Kolkata\xe2\x80\x99s Baghbazar area. As many as 10 fire tenders are currently workin\xe2\x80\xa6'
2021-01-13 14:35:02,"b""Massive Fire At Kolkata's Baghbazar, 20 Fire Engines At The Spot https://t.co/m2RTnib5tT https://t.co/HV4EvachwL"""
2021-01-13 14:34:09,"b""Massive fire reported at #Kolkata's Baghbazar area, over 20 fire engines at the spot. https://t.co/bWgXaMZixH"""
2021-01-13 14:33:25,b'RT @SreyashiDey: Fire spreads in #Baghbazar. 10 fire engines at the spot. Multiple cylinder blasts reported in the colony opposite Baghbaza\xe2\x80\xa6'
2021-01-13 14:32:34,"b'RT @scroll_in: Kolkata: Fire breaks out in Baghbazar area, no casualties reported\n\nhttps://t.co/Tt0oF0SYCU'"
2021-01-13 14:32:02,b'RT @SreyashiDey: Fire spreads in #Baghbazar. 10 fire engines at the spot. Multiple cylinder blasts reported in the colony opposite Baghbaza\xe2\x80\xa6'
2021-01-13 14:31:54,"b'Kolkata: Fire breaks out in Baghbazar area, no casualties reported\n\nhttps://t.co/Tt0oF0SYCU'"
2021-01-13 14:31:41,b'Fire spreads in #Baghbazar. 10 fire engines at the spot. Multiple cylinder blasts reported in the colony opposite Baghbazar women College. Girish Park to Central Avenue road blocked. No reports of any casualty yet. https://t.co/yot6CyJE2O'
2021-01-13 14:31:26,"b""Massive Fire Breaks Out At Kolkata's Baghbazar\n\n#Kolkata #fire #kolkatafire #baghbazar #bagbazar #westbengal #massivefire https://t.co/gnkMphyw2h"""
2021-01-13 14:22:59,"b'RT @BengalNewz: #BreakingNews: Massive #fire breaks out at a colony at Rajballav Para in #Baghbazar area of North Kolkata, eight fire tende\xe2\x80\xa6'"
2021-01-13 14:19:45,"b'RT @BengalNewz: #BreakingNews: Massive #fire breaks out at a colony at Rajballav Para in #Baghbazar area of North Kolkata, eight fire tende\xe2\x80\xa6'"
2021-01-13 14:19:20,"b'RT @ANI: West Bengal: Fire breaks out at a colony in Baghbazar area of Kolkata, eight fire tenders present at the spot\n\nMore details awaited'"
2021-01-13 14:18:17,"b'#BreakingNews: Massive #fire breaks out at a colony at Rajballav Para in #Baghbazar area of North Kolkata, eight fire tenders present at the spot. (Further Details Awaited) | Mobile Video Courtesy: Abir Ghoshal | #KolkataFire \xf0\x9f\x94\xa5 @Breaking_24X7 @WestBengal_BN @BengalNewzIndia https://t.co/0BVZGLOH3H'"
2021-01-13 14:17:41,"b""RT @Shahnazsays: #WestBengal: Fire breaks out near Baghbazar's slum area of Kolkata, eight fire tenders present at the spot. https://t.co/O\xe2\x80\xa6"""
2021-01-13 14:17:38,b'#Watch| Massive fire breaks out at a colony in Kolkata\xe2\x80\x99s Baghbazar area. As many as 10 fire tenders are currently working at spot to douse the fire. No injury has been reported as of yet. #Eisamay https://t.co/ReHIlTDZ3e'
2021-01-13 14:14:57,"b'RT @ANI: West Bengal: Fire breaks out at a colony in Baghbazar area of Kolkata, eight fire tenders present at the spot\n\nMore details awaited'"
2021-01-13 14:12:27,"b'West #Bengal : Fire breaks out at a colony in #Baghbazar area of #Kolkata , eight fire tenders present at the spot https://t.co/rjq9l3ymkQ'"
2021-01-13 14:09:11,"b'RT @TOIKolkata: #Fire breaks out at a colony in Baghbazar area of #Kolkata, 8 fire tenders present at the spot. More details awaited (ANI)\xe2\x80\xa6'"
2021-01-13 14:08:02,b'Massive Fire at Kolkata Baghbazar area. Details @News18Bengali https://t.co/S5nJ8bfyZ4'
2021-01-13 14:07:12,"b""#WestBengal: Fire breaks out near Baghbazar's slum area of Kolkata, eight fire tenders present at the spot. https://t.co/OpVFEiSn27"""
2021-01-13 14:06:04,"b'RT @ANI: West Bengal: Fire breaks out at a colony in Baghbazar area of Kolkata, eight fire tenders present at the spot\n\nMore details awaited'"
2021-01-13 14:04:38,"b'RT @TOIKolkata: #Fire breaks out at a colony in Baghbazar area of #Kolkata, 8 fire tenders present at the spot. More details awaited (ANI)\xe2\x80\xa6'"
2021-01-13 14:03:17,"b""Fire breaks out at a colony in Kolkata's Baghbazar area, 8 fire tenders present at site\n\nhttps://t.co/NNBFoCfz89 https://t.co/94R8TECF9L"""
2021-01-13 14:03:16,"b'RT @ANI: West Bengal: Fire breaks out at a colony in Baghbazar area of Kolkata, eight fire tenders present at the spot\n\nMore details awaited'"
2021-01-13 14:02:44,"b'RT @ANI: West Bengal: Fire breaks out at a colony in Baghbazar area of Kolkata, eight fire tenders present at the spot\n\nMore details awaited'"
2021-01-13 14:01:09,"b'#Fire breaks out at a colony in Baghbazar area of #Kolkata, 8 fire tenders present at the spot. More details awaited (ANI)\n#WestBengal'"
2021-01-13 14:00:57,"b""Fire breaks out at a colony in Kolkata's Baghbazar area, 8 fire tenders present at site https://t.co/eTibwdxWCd"""
2021-01-13 13:59:58,"b'RT @TOIKolkata: #Fire breaks out at a colony in Baghbazar area of #Kolkata, 8 fire tenders present at the spot. More details awaited (ANI)\xe2\x80\xa6'"
2021-01-13 13:59:36,"b'#Fire breaks out at a colony in Baghbazar area of #Kolkata, 8 fire tenders present at the spot. More details awaited (ANI)\n\n#WestBengal'"
2021-01-13 13:59:00,"b'RT @ANI: West Bengal: Fire breaks out at a colony in Baghbazar area of Kolkata, eight fire tenders present at the spot\n\nMore details awaited'"
2021-01-13 13:58:18,"b""Fire at Baghbazar 's Colony  .Eight fire tenders working on the spot. More details awaited ."""
2021-01-13 13:58:07,"b'RT @ANI: West Bengal: Fire breaks out at a colony in Baghbazar area of Kolkata, eight fire tenders present at the spot\n\nMore details awaited'"
2021-01-13 13:57:17,"b'RT @ANI: West Bengal: Fire breaks out at a colony in Baghbazar area of Kolkata, eight fire tenders present at the spot\n\nMore details awaited'"
2021-01-13 13:56:05,"b'RT @ANI: West Bengal: Fire breaks out at a colony in Baghbazar area of Kolkata, eight fire tenders present at the spot\n\nMore details awaited'"
2021-01-13 13:55:52,"b'RT @ANI: West Bengal: Fire breaks out at a colony in Baghbazar area of Kolkata, eight fire tenders present at the spot\n\nMore details awaited'"
2021-01-13 13:55:43,"b'RT @ANI: West Bengal: Fire breaks out at a colony in Baghbazar area of Kolkata, eight fire tenders present at the spot\n\nMore details awaited'"
2021-01-13 13:55:40,"b'RT @ANI: West Bengal: Fire breaks out at a colony in Baghbazar area of Kolkata, eight fire tenders present at the spot\n\nMore details awaited'"
2021-01-13 13:55:01,"b'West Bengal: Fire breaks out at a colony in Baghbazar area of Kolkata, eight fire tenders present at the spot\n\nMore details awaited'"
2021-01-13 07:59:36,b'RT @HomeBengal: These  vaccines shall be stored at our Central Vaccines Store at Baghbazar and will be then transported to different distri\xe2\x80\xa6'
2021-01-13 04:29:15,"b""@Abhishek_Kar_AK That must be another Bichali Ghat! The #BichaliGhat in Baghbazar is squeezed between the current Ferry ghat and Mayer Ghat...where boats would bring  \xe0\xa6\xac\xe0\xa6\xbf\xe0\xa6\x9a\xe0\xa6\xbe\xe0\xa6\xb2\xe0\xa6\xbf  (rice straw) from the villages...here's a bit of #Baghbazar history.\n\nhttps://t.co/T0heVRSKFH"""
2021-01-13 03:54:41,b'RT @HomeBengal: These  vaccines shall be stored at our Central Vaccines Store at Baghbazar and will be then transported to different distri\xe2\x80\xa6'
2021-01-13 03:43:11,b'RT @HomeBengal: These  vaccines shall be stored at our Central Vaccines Store at Baghbazar and will be then transported to different distri\xe2\x80\xa6'
2021-01-13 03:42:56,b'RT @HomeBengal: These  vaccines shall be stored at our Central Vaccines Store at Baghbazar and will be then transported to different distri\xe2\x80\xa6'
2021-01-13 03:10:59,b'RT @pooja_news: First consignment of 6.89 lac Covishield vaccines will arrive in WB today at 2:30 PM by a special cargo flight. These vacci\xe2\x80\xa6'
2021-01-12 23:00:11,b'#WestBengal\xe2\x80\x99s Home Department said that these \xe2\x80\x9cvaccines shall be stored at our Central Vaccines Store at Baghbazar and will be then transported to different districts for vaccination of Health Care Workers as per priority\xe2\x80\x9d.\nhttps://t.co/o0gQg7Txu3 #Covid19'
2021-01-12 18:57:58,b'RT @HomeBengal: These  vaccines shall be stored at our Central Vaccines Store at Baghbazar and will be then transported to different distri\xe2\x80\xa6'
2021-01-12 18:28:26,b'Excellent initiative. I hope the #BichaliGhat near #Baghbazar - such history! - gets its due and gets a face lift too. Love walking that stretch through Kumortuli and beyond along the Ganges. https://t.co/ipzz7JugVt https://t.co/mHqAmfwSwv'
2021-01-12 17:09:13,b'RT @HomeBengal: These  vaccines shall be stored at our Central Vaccines Store at Baghbazar and will be then transported to different distri\xe2\x80\xa6'
2021-01-12 16:49:01,b'RT @Ashok_HT: First consignment of 6.89 lac Covishield vaccines arrived in WB today at 2:30 PM by a special cargo flight. These vaccines wi\xe2\x80\xa6'
2021-01-12 15:22:45,b'RT @HomeBengal: These  vaccines shall be stored at our Central Vaccines Store at Baghbazar and will be then transported to different distri\xe2\x80\xa6'
2021-01-12 15:22:05,b'Coolers and freezers have been installed in the Baghbazar store where the vaccines will be kept. The vaccines arrived to West Bengal in a special flight from Pune.There are around 6.89 lakh doses of Covid -19 vaccines in this first batch.\n#CovidVaccine https://t.co/92LDmIPcsW'
2021-01-12 14:42:47,b'RT @HomeBengal: These  vaccines shall be stored at our Central Vaccines Store at Baghbazar and will be then transported to different distri\xe2\x80\xa6'
2021-01-12 14:03:22,b'RT @HomeBengal: These  vaccines shall be stored at our Central Vaccines Store at Baghbazar and will be then transported to different distri\xe2\x80\xa6'
2021-01-12 14:02:16,b'First consignment of 6.89 lac Covishield vaccines arrived in WB today at 2:30 PM by a special cargo flight. These vaccines will be stored at Central Vaccines Store at Baghbazar &amp; then be transported to different districts for vaccination of Healthcare workers. #covid_19 https://t.co/WffXN5LnI6'
2021-01-12 13:52:48,b'RT @HomeBengal: These  vaccines shall be stored at our Central Vaccines Store at Baghbazar and will be then transported to different distri\xe2\x80\xa6'
2021-01-12 13:38:45,b'RT @HomeBengal: These  vaccines shall be stored at our Central Vaccines Store at Baghbazar and will be then transported to different distri\xe2\x80\xa6'
2021-01-12 12:54:17,b'RT @HomeBengal: These  vaccines shall be stored at our Central Vaccines Store at Baghbazar and will be then transported to different distri\xe2\x80\xa6'
2021-01-12 12:09:15,b'RT @EastMojo: #National: The consignment will be transported in two insulated vans from the city airport to a state-owned store at Baghbaza\xe2\x80\xa6'
2021-01-12 11:55:00,b'Five walk-in-coolers and four walk-in-freezers have been installed in the Baghbazar store to keep the vaccines: Senior Official \n\n#CoronavirusVaccine #COVID19Vaccines #WestBengal \nhttps://t.co/mGNDoBV3be'
2021-01-12 11:36:11,"b'#National: The consignment will be transported in two insulated vans from the city airport to a state-owned store at Baghbazar, a health dept official said\n@aaikolairport @MamataOfficial @wbdhfw\n\n#COVID19 #COVID19Vaccine https://t.co/GgWPsceEem'"
2021-01-12 10:52:48,b'RT @HomeBengal: These  vaccines shall be stored at our Central Vaccines Store at Baghbazar and will be then transported to different distri\xe2\x80\xa6'
2021-01-12 10:38:30,b'RT @HomeBengal: These  vaccines shall be stored at our Central Vaccines Store at Baghbazar and will be then transported to different distri\xe2\x80\xa6'
2021-01-12 10:20:52,"b'The consignment will be transported in two insulated vans from the city airport to a state-owned store at Baghbazar, the official said.\n\nhttps://t.co/MTzTOrxAc6'"
2021-01-12 09:54:13,b'RT @HomeBengal: These  vaccines shall be stored at our Central Vaccines Store at Baghbazar and will be then transported to different distri\xe2\x80\xa6'
2021-01-12 09:53:37,b'RT @HomeBengal: These  vaccines shall be stored at our Central Vaccines Store at Baghbazar and will be then transported to different distri\xe2\x80\xa6'
2021-01-12 09:41:41,b'RT @HomeBengal: These  vaccines shall be stored at our Central Vaccines Store at Baghbazar and will be then transported to different distri\xe2\x80\xa6'
2021-01-12 09:34:45,b'RT @HomeBengal: These  vaccines shall be stored at our Central Vaccines Store at Baghbazar and will be then transported to different distri\xe2\x80\xa6'
2021-01-12 09:13:36,b'RT @HomeBengal: These  vaccines shall be stored at our Central Vaccines Store at Baghbazar and will be then transported to different distri\xe2\x80\xa6'
2021-01-12 09:08:06,b'RT @HomeBengal: These  vaccines shall be stored at our Central Vaccines Store at Baghbazar and will be then transported to different distri\xe2\x80\xa6'
2021-01-12 09:07:08,b'RT @HomeBengal: These  vaccines shall be stored at our Central Vaccines Store at Baghbazar and will be then transported to different distri\xe2\x80\xa6'
2021-01-12 09:00:12,b'RT @HomeBengal: These  vaccines shall be stored at our Central Vaccines Store at Baghbazar and will be then transported to different distri\xe2\x80\xa6'
2021-01-12 08:49:36,b'RT @HomeBengal: These  vaccines shall be stored at our Central Vaccines Store at Baghbazar and will be then transported to different distri\xe2\x80\xa6'
2021-01-12 08:39:08,b'RT @pooja_news: First consignment of 6.89 lac Covishield vaccines will arrive in WB today at 2:30 PM by a special cargo flight. These vacci\xe2\x80\xa6'
2021-01-12 08:36:59,b'RT @HomeBengal: These  vaccines shall be stored at our Central Vaccines Store at Baghbazar and will be then transported to different distri\xe2\x80\xa6'
2021-01-12 08:36:09,b'RT @HomeBengal: These  vaccines shall be stored at our Central Vaccines Store at Baghbazar and will be then transported to different distri\xe2\x80\xa6'
2021-01-12 08:29:09,b'RT @pooja_news: First consignment of 6.89 lac Covishield vaccines will arrive in WB today at 2:30 PM by a special cargo flight. These vacci\xe2\x80\xa6'
2021-01-12 08:26:57,b'RT @pooja_news: First consignment of 6.89 lac Covishield vaccines will arrive in WB today at 2:30 PM by a special cargo flight. These vacci\xe2\x80\xa6'
2021-01-12 08:24:56,b'First consignment of 6.89 lac Covishield vaccines will arrive in WB today at 2:30 PM by a special cargo flight. These vaccines will be stored at Central Vaccines Store at Baghbazar &amp; then be transported to different districts for vaccination of Healthcare workers. @ZeeNews'
2021-01-12 08:24:19,b'RT @HomeBengal: These  vaccines shall be stored at our Central Vaccines Store at Baghbazar and will be then transported to different distri\xe2\x80\xa6'
2021-01-12 08:23:13,b'RT @HomeBengal: These  vaccines shall be stored at our Central Vaccines Store at Baghbazar and will be then transported to different distri\xe2\x80\xa6'
2021-01-12 08:19:58,b'RT @HomeBengal: These  vaccines shall be stored at our Central Vaccines Store at Baghbazar and will be then transported to different distri\xe2\x80\xa6'
2021-01-12 08:19:28,b'RT @HomeBengal: These  vaccines shall be stored at our Central Vaccines Store at Baghbazar and will be then transported to different distri\xe2\x80\xa6'
2021-01-12 08:19:00,b'RT @HomeBengal: These  vaccines shall be stored at our Central Vaccines Store at Baghbazar and will be then transported to different distri\xe2\x80\xa6'
2021-01-12 08:18:44,b'RT @HomeBengal: These  vaccines shall be stored at our Central Vaccines Store at Baghbazar and will be then transported to different distri\xe2\x80\xa6'
2021-01-12 08:18:22,b'RT @HomeBengal: These  vaccines shall be stored at our Central Vaccines Store at Baghbazar and will be then transported to different distri\xe2\x80\xa6'
2021-01-12 08:18:03,b'RT @HomeBengal: These  vaccines shall be stored at our Central Vaccines Store at Baghbazar and will be then transported to different distri\xe2\x80\xa6'
2021-01-12 08:17:52,b'RT @HomeBengal: These  vaccines shall be stored at our Central Vaccines Store at Baghbazar and will be then transported to different distri\xe2\x80\xa6'
2021-01-12 08:17:07,b'These  vaccines shall be stored at our Central Vaccines Store at Baghbazar and will be then transported to different districts for vaccination of Health Care Workers as per priority.(2/2)'
