,username,timestamp,location,following,followers,totaltweets,retweetcount,text,hashtags
0,gsouvik1,2021-01-14 03:19:49,"Kolkata, West Bengal",681,129,1630,0,"West Bengal Minister and the chairman of Kolkata Municipal Corporation board of directors, Firhad Hakim, at Bagbazar where a massive fire broke out on Wednesday evening. #kolkata #kolkatafire #fire #westbengal https://t.co/X4lAt9k9X2","['kolkata', 'kolkatafire', 'fire', 'westbengal']"
1,RayTapabrata,2021-01-13 22:54:48,"Kolkata, India",44,327,234,0,Please stand by them 🙏🏻 #bagbazarblaze #firebreaksout #kolkatafire #standby #majorblaze @timesofindia @BBCBreaking @BBCWorld @BBCHindi @AkashvaniAIR @airnewsalerts @IndiaToday @PTI_News @ABPNews @CNNnews18 @cnnbrk @SkyNews @PMOIndia #bemgalslum #pleasehelp https://t.co/VuRN46uhhq,"['bagbazarblaze', 'firebreaksout', 'kolkatafire', 'standby', 'majorblaze', 'bemgalslum', 'pleasehelp']"
2,CabipoolKOL,2021-01-13 16:44:15,"Kolkata, India",15,180,11694,2,"Major traffic chaos in north #Kolkata due to the fire. 
#KolkataFire","['Kolkata', 'KolkataFire']"
3,MdNadeem150,2021-01-13 16:43:24,kingdom of saudi arbiya,2047,1170,1433,3,"According to officials, 24 fire tenders are at the spot.
(@iindrojit)

#Kolkata #WestBengal #KolkataFire 

https://t.co/MZgvrFpjcM","['Kolkata', 'WestBengal', 'KolkataFire']"
4,indigokores,2021-01-13 16:34:33,"Seoul, Republic of Korea",547,1049,359522,3,"According to officials, 24 fire tenders are at the spot.
(@iindrojit)

#Kolkata #WestBengal #KolkataFire 

https://t.co/MZgvrFpjcM","['Kolkata', 'WestBengal', 'KolkataFire']"
5,IndiaTodayFLASH,2021-01-13 16:32:03,,117,1126623,422152,3,"According to officials, 24 fire tenders are at the spot.
(@iindrojit)

#Kolkata #WestBengal #KolkataFire 

https://t.co/MZgvrFpjcM","['Kolkata', 'WestBengal', 'KolkataFire']"
6,IndiaToday,2021-01-13 16:31:32,India,247,5464270,823338,3,"According to officials, 24 fire tenders are at the spot.
(@iindrojit)

#Kolkata #WestBengal #KolkataFire 

https://t.co/MZgvrFpjcM","['Kolkata', 'WestBengal', 'KolkataFire']"
7,Koustab_Halder,2021-01-13 16:10:45,"Kolkata, India",1344,71,10669,2,"25 fire tenders are trying to control the situation. Several fire engines are damaged by locals who claimed fire men were late in arriving. 
#KolkataFire",[]
8,Koustab_Halder,2021-01-13 16:10:37,"Kolkata, India",1344,71,10669,1,"Fire at Baghbazar where fighters are trying to control the situation. A fireman is injured. 
#KolkataFire https://t.co/zDAs8eBEnR",['KolkataFire']
9,SreyashiDey,2021-01-13 16:07:42,"Kolkata, India",538,5937,10633,2,"25 fire tenders are trying to control the situation. Several fire engines are damaged by locals who claimed fire men were late in arriving. 
#KolkataFire",[]
10,TOIKolkata,2021-01-13 15:58:34,"Kolkata, India",31,5898,42285,2,"25 fire tenders are trying to control the situation. Several fire engines are damaged by locals who claimed fire men were late in arriving. 
#KolkataFire",['KolkataFire']
11,BengalNewz,2021-01-13 15:55:17,Kolkata🇮🇳 and Dhaka🇧🇩,6,5277,54261,2,@BengalNewzIndia @Breaking_24X7 @WestBengal_BN #KolkataFire Updates | 24 fire tenders pressed into service after major #fire breaks out at #Bagbazar in #Kolkata. Rapid Action Force deployed as irate mob vandalises Fire and Police vehicles. Many cylinders nearby are exploding and damaging the buildings in the neighbourhood. 🔥 https://t.co/lHXEe7bKcr,['KolkataFire']
12,Koustab_Halder,2021-01-13 15:54:24,"Kolkata, India",1344,71,10669,2,"Major traffic chaos in north #Kolkata due to the fire. 
#KolkataFire","['Kolkata', 'KolkataFire']"
13,TOIKolkata,2021-01-13 15:53:23,"Kolkata, India",31,5898,42285,1,"Fire at Baghbazar where fighters are trying to control the situation. A fireman is injured. 
#KolkataFire https://t.co/zDAs8eBEnR",['KolkataFire']
14,BengalNewzIndia,2021-01-13 15:52:33,"Kolkata, West Bengal, India",7,3058,22128,2,@BengalNewzIndia @Breaking_24X7 @WestBengal_BN #KolkataFire Updates | 24 fire tenders pressed into service after major #fire breaks out at #Bagbazar in #Kolkata. Rapid Action Force deployed as irate mob vandalises Fire and Police vehicles. Many cylinders nearby are exploding and damaging the buildings in the neighbourhood. 🔥 https://t.co/lHXEe7bKcr,['KolkataFire']
15,TOIKolkata,2021-01-13 15:52:13,"Kolkata, India",31,5898,42285,2,"Major traffic chaos in north #Kolkata due to the fire. 
#KolkataFire","['Kolkata', 'KolkataFire']"
16,BengalNewz,2021-01-13 15:51:25,Kolkata🇮🇳 and Dhaka🇧🇩,6,5277,54261,2,@BengalNewzIndia @Breaking_24X7 @WestBengal_BN #KolkataFire Updates | 24 fire tenders pressed into service after major #fire breaks out at #Bagbazar in #Kolkata. Rapid Action Force deployed as irate mob vandalises Fire and Police vehicles. Many cylinders nearby are exploding and damaging the buildings in the neighbourhood. 🔥 https://t.co/lHXEe7bKcr,"['KolkataFire', 'fire', 'Bagbazar', 'Kolkata']"
17,thelateralz,2021-01-13 14:31:26,,109,26,3063,0,"Massive Fire Breaks Out At Kolkata's Baghbazar

#Kolkata #fire #kolkatafire #baghbazar #bagbazar #westbengal #massivefire https://t.co/gnkMphyw2h","['Kolkata', 'fire', 'kolkatafire', 'baghbazar', 'bagbazar', 'westbengal', 'massivefire']"
18,Breaking24_7,2021-01-13 14:22:59,London,48,2110,111083,2,"#BreakingNews: Massive #fire breaks out at a colony at Rajballav Para in #Baghbazar area of North Kolkata, eight fire tenders present at the spot. (Further Details Awaited) | Mobile Video Courtesy: Abir Ghoshal | #KolkataFire 🔥 @Breaking_24X7 @WestBengal_BN @BengalNewzIndia https://t.co/0BVZGLOH3H","['BreakingNews', 'fire', 'Baghbazar']"
19,BengalNewzIndia,2021-01-13 14:19:45,"Kolkata, West Bengal, India",7,3058,22128,2,"#BreakingNews: Massive #fire breaks out at a colony at Rajballav Para in #Baghbazar area of North Kolkata, eight fire tenders present at the spot. (Further Details Awaited) | Mobile Video Courtesy: Abir Ghoshal | #KolkataFire 🔥 @Breaking_24X7 @WestBengal_BN @BengalNewzIndia https://t.co/0BVZGLOH3H","['BreakingNews', 'fire', 'Baghbazar']"
20,BengalNewz,2021-01-13 14:18:17,Kolkata🇮🇳 and Dhaka🇧🇩,6,5277,54261,2,"#BreakingNews: Massive #fire breaks out at a colony at Rajballav Para in #Baghbazar area of North Kolkata, eight fire tenders present at the spot. (Further Details Awaited) | Mobile Video Courtesy: Abir Ghoshal | #KolkataFire 🔥 @Breaking_24X7 @WestBengal_BN @BengalNewzIndia https://t.co/0BVZGLOH3H","['BreakingNews', 'fire', 'Baghbazar', 'KolkataFire']"
