,username,timestamp,location,following,followers,totaltweets,retweetcount,text,hashtags
0,BjpPatashpur,2021-01-15 21:35:24,Patashpur Bidhansava,19,264,43467,7,"Today distributed some blankets, biscuit packets &amp; puffed rice packets to the homeless families of Baghbazar fire incident. @BJPMM4Bengal @keyakahe @TheUntamedFire @paulagnimitra1 @BJP4Bengal https://t.co/4PdTD8POas",[]
1,keshobdasbjp,2021-01-15 10:39:50,"Jangipur, India",318,264,12495,7,"Today distributed some blankets, biscuit packets &amp; puffed rice packets to the homeless families of Baghbazar fire incident. @BJPMM4Bengal @keyakahe @TheUntamedFire @paulagnimitra1 @BJP4Bengal https://t.co/4PdTD8POas",[]
2,SouravB50899943,2021-01-15 09:11:32,"HALDIA,Purba Medinipur",43,4,749,7,"Today distributed some blankets, biscuit packets &amp; puffed rice packets to the homeless families of Baghbazar fire incident. @BJPMM4Bengal @keyakahe @TheUntamedFire @paulagnimitra1 @BJP4Bengal https://t.co/4PdTD8POas",[]
3,ChanchalSu,2021-01-15 08:57:47,,34,27,1429,7,"Today distributed some blankets, biscuit packets &amp; puffed rice packets to the homeless families of Baghbazar fire incident. @BJPMM4Bengal @keyakahe @TheUntamedFire @paulagnimitra1 @BJP4Bengal https://t.co/4PdTD8POas",[]
4,chakrabortty65,2021-01-15 08:52:19,,43,55,6591,7,"Today distributed some blankets, biscuit packets &amp; puffed rice packets to the homeless families of Baghbazar fire incident. @BJPMM4Bengal @keyakahe @TheUntamedFire @paulagnimitra1 @BJP4Bengal https://t.co/4PdTD8POas",[]
5,LKM7462,2021-01-15 07:07:05,Panskura,44,17,4324,7,"Today distributed some blankets, biscuit packets &amp; puffed rice packets to the homeless families of Baghbazar fire incident. @BJPMM4Bengal @keyakahe @TheUntamedFire @paulagnimitra1 @BJP4Bengal https://t.co/4PdTD8POas",[]
6,swatiatrest,2021-01-15 02:44:27,,765,1465,17689,0,"Oh no! It seems that apart from ruining many lives, the physical copy of the first issue of Udbodhan (1899) has been damaged in the horrendous fire that ravaged Bagbazar yesterday. Here's hoping the Belur Math has more copies. #print 

https://t.co/L7PrE0C8Zh",['print']
7,S_k_chaudhary,2021-01-14 18:44:22,"Jalpaiguri, India",398,546,106812,9,West Bengal Chief Minister Mamata Banerjee reaches Baghbazar where fire broke out yesterday &amp; almost all shanties were completely ravaged by fire. Banerjee assured KMC will provide houses in the same place &amp; meanwhile alternative arrangements for them to stay have been made. https://t.co/4hmb5Pae7U,[]
8,kushuggupta,2021-01-14 18:18:26,"खुरजा, उत्तर प्रदेश",3668,4814,38382,7,"Today distributed some blankets, biscuit packets &amp; puffed rice packets to the homeless families of Baghbazar fire incident. @BJPMM4Bengal @keyakahe @TheUntamedFire @paulagnimitra1 @BJP4Bengal https://t.co/4PdTD8POas",[]
9,SrimantiG,2021-01-14 18:12:18,"Kolkata, India",223,929,6223,7,"Today distributed some blankets, biscuit packets &amp; puffed rice packets to the homeless families of Baghbazar fire incident. @BJPMM4Bengal @keyakahe @TheUntamedFire @paulagnimitra1 @BJP4Bengal https://t.co/4PdTD8POas",[]
10,PINTUDA75632338,2021-01-14 16:55:06,"Haldia, India",56,10,826,37,"Prayers for Baghbazar , Kolkata . Slum people .
Multiple cylinder blasts reported in the slums opposite Baghbazar women College. https://t.co/iN9Zmn5VhW",[]
11,Sudarsu23689648,2021-01-14 15:57:29,West bengal,147,110,6412,6,"CM #MamataBanerjee today reached #Baghbazar where the blaze destroyed homes of 100 families living in shanties. #KMC will rehabilitate them and alternate arrangements have been made for now. Food, blanket &amp; shelter to be provided by the state govt in the time being. https://t.co/6PzPLykAcw","['MamataBanerjee', 'Baghbazar', 'KMC']"
12,Lakshma38799599,2021-01-14 12:31:55,"Kolkata, India",25,12,475,37,"Prayers for Baghbazar , Kolkata . Slum people .
Multiple cylinder blasts reported in the slums opposite Baghbazar women College. https://t.co/iN9Zmn5VhW",[]
13,Chef_arindam,2021-01-14 11:48:58,INDIA,293,248,6272,9,West Bengal Chief Minister Mamata Banerjee reaches Baghbazar where fire broke out yesterday &amp; almost all shanties were completely ravaged by fire. Banerjee assured KMC will provide houses in the same place &amp; meanwhile alternative arrangements for them to stay have been made. https://t.co/4hmb5Pae7U,[]
14,Geetanj79731544,2021-01-14 11:45:30,,40,4,1553,10,"#Update | A massive fire broke out in Kolkata's #Baghbazar area this evening. 20 fire engines are at the spot trying to bring the fire under control which broke out at a slum in the area. No one has been injured yet 

Read here: https://t.co/hikBHKCujM https://t.co/BhKiOXLcqL","['Update', 'Baghbazar']"
15,iamskshabbir,2021-01-14 11:20:11,Kolkata,1710,239,25648,6,"CM #MamataBanerjee today reached #Baghbazar where the blaze destroyed homes of 100 families living in shanties. #KMC will rehabilitate them and alternate arrangements have been made for now. Food, blanket &amp; shelter to be provided by the state govt in the time being. https://t.co/6PzPLykAcw","['MamataBanerjee', 'Baghbazar', 'KMC']"
16,SomenMu69450120,2021-01-14 10:27:57,"Kolkata, India",40,2,6,0,@CPKolkata Fire breaks out in Baghbazar. https://t.co/EsTQAGSmPs,[]
17,NiveditaNarayan,2021-01-14 10:26:51,ভারতবর্ষ,118,1799,29542,18,"West Bengal: Fire breaks out at a colony in Baghbazar area of Kolkata, eight fire tenders present at the spot

More details awaited",[]
18,MohanMahapatr11,2021-01-14 10:00:21,,212,79,3637,37,"Prayers for Baghbazar , Kolkata . Slum people .
Multiple cylinder blasts reported in the slums opposite Baghbazar women College. https://t.co/iN9Zmn5VhW",[]
19,dpsisi,2021-01-14 09:52:50,,2759,1028,139847,9,West Bengal Chief Minister Mamata Banerjee reaches Baghbazar where fire broke out yesterday &amp; almost all shanties were completely ravaged by fire. Banerjee assured KMC will provide houses in the same place &amp; meanwhile alternative arrangements for them to stay have been made. https://t.co/4hmb5Pae7U,[]
20,shahwal_sachin,2021-01-14 09:47:29,"Singrauli, India",1331,42,964,1,"Mamata Banerjee Visits Gutted Kolkata Slum, Promises To Rebuild Shanties https://t.co/Q0JRrQmnGm https://t.co/6ROug5WItz",[]
21,ndtvfeed,2021-01-14 09:47:03,,2,260912,304347,1,"Mamata Banerjee Visits Gutted Kolkata Slum, Promises To Rebuild Shanties https://t.co/Q0JRrQmnGm https://t.co/6ROug5WItz",[]
22,linachakrabort3,2021-01-14 09:41:39,Kolkata,587,447,8135,1,"A massive fire broke out today in Kolkata's Baghbazar as several shanties were gutted in the fire following multiple cylinder blasts. 25 fires tenders were rushed to the spot and firefighters are trying to douse the flames.

#TheAssamTribune #BaghbazarFire

@KolkataPolice https://t.co/gIOdPnhl0k",[]
23,IndiaNewsBangla,2021-01-14 09:28:16,,56,14,159,0,Breaking। CM Mamata Banerjee Reached Baghbazar where the Blaze destroyed homes of 100 families। #BREAKING @AITCofficial @MamataOfficial @BJP4Bengal https://t.co/Guvzqt6pqM,['BREAKING']
24,Chef_arindam,2021-01-14 09:11:47,INDIA,293,248,6272,6,"CM #MamataBanerjee today reached #Baghbazar where the blaze destroyed homes of 100 families living in shanties. #KMC will rehabilitate them and alternate arrangements have been made for now. Food, blanket &amp; shelter to be provided by the state govt in the time being. https://t.co/6PzPLykAcw","['MamataBanerjee', 'Baghbazar', 'KMC']"
25,skp__2016,2021-01-14 08:48:51,City of Joy👍,1188,4368,166142,9,West Bengal Chief Minister Mamata Banerjee reaches Baghbazar where fire broke out yesterday &amp; almost all shanties were completely ravaged by fire. Banerjee assured KMC will provide houses in the same place &amp; meanwhile alternative arrangements for them to stay have been made. https://t.co/4hmb5Pae7U,[]
26,dibyendumondal,2021-01-14 08:28:50,Delhi,1472,468,8247,6,"CM #MamataBanerjee today reached #Baghbazar where the blaze destroyed homes of 100 families living in shanties. #KMC will rehabilitate them and alternate arrangements have been made for now. Food, blanket &amp; shelter to be provided by the state govt in the time being. https://t.co/6PzPLykAcw","['MamataBanerjee', 'Baghbazar', 'KMC']"
27,dey_rivu,2021-01-14 08:21:25,,668,90,2622,6,"CM #MamataBanerjee today reached #Baghbazar where the blaze destroyed homes of 100 families living in shanties. #KMC will rehabilitate them and alternate arrangements have been made for now. Food, blanket &amp; shelter to be provided by the state govt in the time being. https://t.co/6PzPLykAcw","['MamataBanerjee', 'Baghbazar', 'KMC']"
28,ranaalikash,2021-01-14 08:20:44,World,1222,697,1082800,0,"West Bengal Chief Minister Mamata Banerjee on Thursday visited Baghbazar slum, where about 100 houses were gutted on Wednesday evening. Ms. Banerjee assured those affected by the major fire that the Kollkata Municipal Corporation would construct and rest… https://t.co/SQrJn2vexI https://t.co/SRiYX1VcTF",[]
29,SanyalGouri,2021-01-14 08:13:21,Howrah,92,6,557,0,I am pained to hear that baghbazar  shanties have ravaged by fire last evening. Let us hope that residents get help from all quarters to resume their daily life soon and forget this nightmare .,[]
30,TheSteamedMomos,2021-01-14 08:09:28,New Delhi/ Ranchi,1237,145,5357,9,West Bengal Chief Minister Mamata Banerjee reaches Baghbazar where fire broke out yesterday &amp; almost all shanties were completely ravaged by fire. Banerjee assured KMC will provide houses in the same place &amp; meanwhile alternative arrangements for them to stay have been made. https://t.co/4hmb5Pae7U,[]
31,Pradipta1512,2021-01-14 08:07:26,,771,39,4336,9,West Bengal Chief Minister Mamata Banerjee reaches Baghbazar where fire broke out yesterday &amp; almost all shanties were completely ravaged by fire. Banerjee assured KMC will provide houses in the same place &amp; meanwhile alternative arrangements for them to stay have been made. https://t.co/4hmb5Pae7U,[]
32,SanyalGouri,2021-01-14 08:05:19,Howrah,92,6,557,0,@pooja_news Very sad to know that every resident has lost their home &amp; belongings in the devasting fire in baghbazar,[]
33,SreyashiDey,2021-01-14 08:04:17,"Kolkata, India",538,5905,10595,6,"CM #MamataBanerjee today reached #Baghbazar where the blaze destroyed homes of 100 families living in shanties. #KMC will rehabilitate them and alternate arrangements have been made for now. Food, blanket &amp; shelter to be provided by the state govt in the time being. https://t.co/6PzPLykAcw","['MamataBanerjee', 'Baghbazar', 'KMC']"
34,manishdigital_,2021-01-14 07:59:14,"Noida, Uttar Pradesh",534,754,4015,9,West Bengal Chief Minister Mamata Banerjee reaches Baghbazar where fire broke out yesterday &amp; almost all shanties were completely ravaged by fire. Banerjee assured KMC will provide houses in the same place &amp; meanwhile alternative arrangements for them to stay have been made. https://t.co/4hmb5Pae7U,[]
35,sourav_sngupta,2021-01-14 07:47:03,"Kolkata, India",695,396,35689,9,West Bengal Chief Minister Mamata Banerjee reaches Baghbazar where fire broke out yesterday &amp; almost all shanties were completely ravaged by fire. Banerjee assured KMC will provide houses in the same place &amp; meanwhile alternative arrangements for them to stay have been made. https://t.co/4hmb5Pae7U,[]
36,pooja_news,2021-01-14 07:33:12,"Kolkata, India",3049,13939,15219,9,West Bengal Chief Minister Mamata Banerjee reaches Baghbazar where fire broke out yesterday &amp; almost all shanties were completely ravaged by fire. Banerjee assured KMC will provide houses in the same place &amp; meanwhile alternative arrangements for them to stay have been made. https://t.co/4hmb5Pae7U,[]
37,Bittuverma7,2021-01-14 07:05:36,"Kolkata, India",6407,13156,179145,37,"Prayers for Baghbazar , Kolkata . Slum people .
Multiple cylinder blasts reported in the slums opposite Baghbazar women College. https://t.co/iN9Zmn5VhW",[]
38,SrimantiG,2021-01-14 07:03:00,"Kolkata, India",223,929,6223,0,"Major #fire brokep-out in #Kolkata's #Baghbazar on Wednesday; 27 fire tenders rushed to spot, no casualties reported . @BJPMM4Bengal state president @paulagnimitra1 &amp; North Kolkata district BJMM President Smt Shilpi Mukherjee with many karyakartas rushed to the spot. https://t.co/rMY829PLh8","['fire', 'Kolkata', 'Baghbazar']"
39,dotto_Arnob,2021-01-14 06:49:50,"Kolkata, West Bengal",2161,277,1147,0,"I heard about the incident regarding Baghbazar in the morning. It is tragic. The government should consider the matter with sympathy.

#pathetic #Kolkata #fire #Baghbazar 

https://t.co/Z0oaRsXKcS","['pathetic', 'Kolkata', 'fire', 'Baghbazar']"
40,hritamsays,2021-01-14 06:33:15,"Kolkata, India",39,8,20,13,"Major fire at a slum in north Kolkata's Baghbazar, several shanties gutted, 20 fire tenders at spot https://t.co/oB1PcZbKkP",[]
41,DailyhuntApp,2021-01-14 06:30:04,India,373,32540,33919,0,"Major #fire break-out in #Kolkata's #Baghbazar on Wednesday; 25 fire tenders rushed to spot, no casualties reported https://t.co/d1huJLRJ7x","['fire', 'Kolkata', 'Baghbazar']"
42,Guptaji_Chandan,2021-01-14 05:07:22,,965,137,5858,0,"@iamharshpansari @Zee24Ghanta @calcutta_news @abpanandatv Elections are coming.
And back to back from duttabad to baghbazar all slum areas 
Some thing is not right",[]
43,Abhishe76974105,2021-01-14 04:44:42,,47,10,1104,3,"Fierce fire near Sharda temple Baghbazar.
@BJYMinWB @KhanSaumitra https://t.co/JoP3uNbDOx",[]
44,NtvTeluguLive,2021-01-14 04:30:00,Hyderabad,6,127831,84423,0,"Massive fire Breaks Out At Kolkata's Baghbazar, Several injured 

#Kolkata #Baghbazar #NTVNews #NTVTelugu https://t.co/daha84zFvp","['Kolkata', 'Baghbazar', 'NTVNews', 'NTVTelugu']"
45,SanjuktaChoudh5,2021-01-14 04:11:25,,1044,273,3903,0,More than 100 shanties in Baghbazar were gutted in a fire on Wednesday evening. https://t.co/pctqxHMeRQ,[]
46,SkAlam2014,2021-01-14 03:51:22,WEST BENGAL,837,72,6911,0,@MamataOfficial @FirhadHakim @aitmc KINDLY HELP PEOPLE OF BAGHBAZAR MISHAP... THEY NEED YOU.,[]
47,MohdUmair00786,2021-01-14 03:29:51,,2539,4988,150324,22,"Massive fire in Central Kolkata's Baghbazar.
15 fire engines at the venue.
Blasts reported opposite Baghbazar Women College.
Roads Blocked:- Girish Park to CR Avenue.

#Bagbazar https://t.co/R6pZx84Y1v",[]
48,naskar_prasanta,2021-01-14 03:18:50,"West Bengal, India",1706,365,45108,13,"Major fire at a slum in north Kolkata's Baghbazar, several shanties gutted, 20 fire tenders at spot https://t.co/oB1PcZbKkP",[]
49,Imtony_26,2021-01-14 03:04:05,"Kolkata, India",272,62,5370,13,"Major fire at a slum in north Kolkata's Baghbazar, several shanties gutted, 20 fire tenders at spot https://t.co/oB1PcZbKkP",[]
50,AmiHolamRohan,2021-01-14 02:57:59,"Birati, Kolkata",4720,94,50812,2,"Massive fire at Kolkata's Baghbazar.

🙏 #Baghbazar #Kolkata https://t.co/cfuJnaUYMA","['Baghbazar', 'Kolkata']"
51,Hussain88846117,2021-01-14 02:34:33,,341,19,374,3,"A fire broke out at a colony in #Baghbazar area of Kolkata on Wednesday. As many as 25 fire tenders were rushed to the spot. There are no reports yet on any casualties.
Catch more here: https://t.co/CmDtl3HS8w https://t.co/AKEcwTGMzb",['Baghbazar']
52,SANGRAM38134786,2021-01-14 02:31:11,"BALASORE, ODISHA ",182,115,280,10,"#Update | A massive fire broke out in Kolkata's #Baghbazar area this evening. 20 fire engines are at the spot trying to bring the fire under control which broke out at a slum in the area. No one has been injured yet 

Read here: https://t.co/hikBHKCujM https://t.co/BhKiOXLcqL","['Update', 'Baghbazar']"
53,surojithansda,2021-01-14 02:25:51,kolkata,45,59,154,0,"Massive fire breaks out at Bagbazar slum area in north #Kolkata spread to Mayer Bari at least 25 fire tenders at the scene, no casualties reported so far. #Baghbazar https://t.co/3pyKtNnjxq","['Kolkata', 'Baghbazar']"
54,DisneyNews20,2021-01-14 02:20:06,surat,64,10,17791,0,Fire kolkata Baghbazar cylinders explode fire tenders operations damage casualties latest news https://t.co/s7lD851be5,[]
55,RABINATHJHA,2021-01-14 01:55:18,"Peterborough, England",2529,241,11454,2,"RAF deployed at #Baghbazar. 

Angry locals say the fire engines reached late. Fire still not under control. Media has also been attacked by the locals at the spot. 

Fire Minister currently in Gangasagar taking stock of the preparations of the pilgrimage. https://t.co/lA7ML4dTyA",['Baghbazar']
56,mithu796311,2021-01-14 01:48:23,मृग कस्तुरी 🙏🚩ॐ,197,4347,1030375,28,"Kolkata: Fire breaks out at Baghbazar area, 10 fire tenders present at the spot https://t.co/Gcc2l8d3gl https://t.co/2pZ4fuhnLt",[]
57,RathodRakesh_,2021-01-14 01:43:04,"Gujarat, India",67,12,26,8,"Massive Fire At #Kolkata’s #Baghbazar, fire tenders at the spot. https://t.co/BnFyA7pbpv","['Kolkata', 'Baghbazar']"
58,OldandN,2021-01-14 01:07:15,,288,43,17300,37,"Prayers for Baghbazar , Kolkata . Slum people .
Multiple cylinder blasts reported in the slums opposite Baghbazar women College. https://t.co/iN9Zmn5VhW",[]
59,bae_zzaar,2021-01-14 00:48:32,Global,982,337,12715,0,@its_raf05 Baghbazar ....stay safe!,[]
60,aritrasingha1,2021-01-14 00:31:59,kolkata,325,33,168,2,"West Bengal: Massive fire breaks out at Baghbazar area in north Kolkata, reports @aritrasingha1 

https://t.co/26mhLyUw2j",[]
61,Debapra44473935,2021-01-14 00:22:01,,298,70,6135,37,"Prayers for Baghbazar , Kolkata . Slum people .
Multiple cylinder blasts reported in the slums opposite Baghbazar women College. https://t.co/iN9Zmn5VhW",[]
62,TimesofNewsHUB,2021-01-13 23:15:13,,101,338,324667,0,"Fire breaks out at Kolkata’s Baghbazar, cylinders explode; 20 fire tenders rushed https://t.co/tYbyy9xHX8",[]
63,VaniChoudhary01,2021-01-13 22:08:35,India,166,8,212,0,"Massive Fire At Kolkata's Baghbazar, 25 Fire Engines At The Spot..... https://t.co/iJWxeestEI",[]
64,isn7news,2021-01-13 21:34:46,meerut,4997,974,4321,0,"Massive Fire At Kolkata’s Baghbazar, 25 Fire Engines At The Spot https://t.co/IDn4XUKFz3",[]
65,BjpPatashpur,2021-01-13 20:25:30,Patashpur Bidhansava,19,264,43467,37,"Prayers for Baghbazar , Kolkata . Slum people .
Multiple cylinder blasts reported in the slums opposite Baghbazar women College. https://t.co/iN9Zmn5VhW",[]
66,isaurabhshukla,2021-01-13 20:02:04,Delhi NCR,564,17886,24653,4,"Massive fire in #Kolkata's Baghbazar area, 20 fire tenders rushed to the spot @NewsMobileIndia https://t.co/sxaLtKez5u",['Kolkata']
67,officialrohitsk,2021-01-13 19:49:17,"Kolkata, India",449,81,3441,3,"Fierce fire near Sharda temple Baghbazar.
@BJYMinWB @KhanSaumitra https://t.co/JoP3uNbDOx",[]
68,Jaidipta,2021-01-13 19:04:47,"Wisconsin, USA",3340,333,14853,3,"Fierce fire near Sharda temple Baghbazar.
@BJYMinWB @KhanSaumitra https://t.co/JoP3uNbDOx",[]
69,Android_dev_me,2021-01-13 18:57:43,,68,6,105,2,"RAF deployed at #Baghbazar. 

Angry locals say the fire engines reached late. Fire still not under control. Media has also been attacked by the locals at the spot. 

Fire Minister currently in Gangasagar taking stock of the preparations of the pilgrimage. https://t.co/lA7ML4dTyA",['Baghbazar']
70,SinghMediaKw,2021-01-13 18:57:30,"Mohali, India",104,52,1124,0,"Massive Fire Breaks Out at Kolkata's Baghbazar Area, 25 Fire Tenders Rush to Spot
#Kolkata #fire https://t.co/8Le9WCOn4q","['Kolkata', 'fire']"
71,BhartiyaBharti2,2021-01-13 18:51:04,India,615,688,31085,22,"Massive fire in Central Kolkata's Baghbazar.
15 fire engines at the venue.
Blasts reported opposite Baghbazar Women College.
Roads Blocked:- Girish Park to CR Avenue.

#Bagbazar https://t.co/R6pZx84Y1v",[]
72,dey_rivu,2021-01-13 18:34:24,,668,90,2622,3,Fire under control. #TMC MP Sudip Bandhopadhyay &amp; Minister Firhad Hakim at the spot. 800 families affected due to the blaze in #Baghbazar today. https://t.co/09l8JLWnzj,['TMC']
73,BJYMInNK,2021-01-13 18:31:26,"Kolkata, India",499,683,1799,3,"Fierce fire near Sharda temple Baghbazar.
@BJYMinWB @KhanSaumitra https://t.co/JoP3uNbDOx",[]
74,SPatel_Indian,2021-01-13 18:30:23,India,8172,8780,91753,22,"Massive fire in Central Kolkata's Baghbazar.
15 fire engines at the venue.
Blasts reported opposite Baghbazar Women College.
Roads Blocked:- Girish Park to CR Avenue.

#Bagbazar https://t.co/R6pZx84Y1v",[]
75,pathak0908,2021-01-13 18:25:27,,283,78,25218,37,"Prayers for Baghbazar , Kolkata . Slum people .
Multiple cylinder blasts reported in the slums opposite Baghbazar women College. https://t.co/iN9Zmn5VhW",[]
76,Chichore8,2021-01-13 18:23:35,Bil kul risk nahi lene ka ,138,3,1682,37,"Prayers for Baghbazar , Kolkata . Slum people .
Multiple cylinder blasts reported in the slums opposite Baghbazar women College. https://t.co/iN9Zmn5VhW",[]
77,samirro01733571,2021-01-13 18:16:11,,108,11,457,13,"Major fire at a slum in north Kolkata's Baghbazar, several shanties gutted, 20 fire tenders at spot https://t.co/oB1PcZbKkP",[]
78,Arunkannan27,2021-01-13 18:12:29,"Kerala, India",1018,636,106483,37,"Prayers for Baghbazar , Kolkata . Slum people .
Multiple cylinder blasts reported in the slums opposite Baghbazar women College. https://t.co/iN9Zmn5VhW",[]
79,beingvick,2021-01-13 18:12:09,"Jamshedpur, India",1981,365,156695,37,"Prayers for Baghbazar , Kolkata . Slum people .
Multiple cylinder blasts reported in the slums opposite Baghbazar women College. https://t.co/iN9Zmn5VhW",[]
80,ImranAli845,2021-01-13 17:52:44,"Uttar Pradesh, India",1223,1787,33283,22,"Massive fire in Central Kolkata's Baghbazar.
15 fire engines at the venue.
Blasts reported opposite Baghbazar Women College.
Roads Blocked:- Girish Park to CR Avenue.

#Bagbazar https://t.co/R6pZx84Y1v",[]
81,BmaPachuau2,2021-01-13 17:49:15,"Buarpui , Mizoram",539,38,827,0,"Massive fire breaks out at Baghbazar, Kolkata https://t.co/xU9hAXmMjh",[]
82,ashishsingh0612,2021-01-13 17:48:43,"Skardu,India 🇮🇳",181,156,99241,37,"Prayers for Baghbazar , Kolkata . Slum people .
Multiple cylinder blasts reported in the slums opposite Baghbazar women College. https://t.co/iN9Zmn5VhW",[]
83,me_dipsikha,2021-01-13 17:45:02,"Kolkata, India",385,1419,93192,13,"Major fire at a slum in north Kolkata's Baghbazar, several shanties gutted, 20 fire tenders at spot https://t.co/oB1PcZbKkP",[]
84,KhaasAaadmi,2021-01-13 17:41:58,India,931,153,18894,37,"Prayers for Baghbazar , Kolkata . Slum people .
Multiple cylinder blasts reported in the slums opposite Baghbazar women College. https://t.co/iN9Zmn5VhW",[]
85,_XRiaX_,2021-01-13 17:41:40,"Kolkata, India",102,1827,39626,13,"Major fire at a slum in north Kolkata's Baghbazar, several shanties gutted, 20 fire tenders at spot https://t.co/oB1PcZbKkP",[]
86,NewsWestBengal,2021-01-13 17:39:23,"Kolkota, West Bengal",2,1512,45506,0,"Kolkata: Fire breaks out in Baghbazar area, no casualties reported - https://t.co/d3AmAv06ea https://t.co/ZxRh3PHY6C #WestBengal",['WestBengal']
87,cornucopiamedia,2021-01-13 17:37:15,India,1,401,6440,0,"Massive Fire At Kolkata's Baghbazar, 25 Fire Engines At The Spot  https://t.co/s4zXzrqbna via @GoogleNews",[]
88,cornucopiamedia,2021-01-13 17:37:09,India,1,401,6440,0,"Massive Fire At Kolkata's Baghbazar, 25 Fire Engines At The Spot https://t.co/s4zXzrqbna via @GoogleNews",[]
89,Bhushan99093387,2021-01-13 17:36:06,,460,877,110529,22,"Massive fire in Central Kolkata's Baghbazar.
15 fire engines at the venue.
Blasts reported opposite Baghbazar Women College.
Roads Blocked:- Girish Park to CR Avenue.

#Bagbazar https://t.co/R6pZx84Y1v",[]
90,anjleenamacwan,2021-01-13 17:35:14,"Ahmedabad, India ",491,2796,3375,8,"Massive Fire At #Kolkata’s #Baghbazar, fire tenders at the spot. https://t.co/BnFyA7pbpv","['Kolkata', 'Baghbazar']"
91,MalayGiri10,2021-01-13 17:27:56,,69,92,7164,37,"Prayers for Baghbazar , Kolkata . Slum people .
Multiple cylinder blasts reported in the slums opposite Baghbazar women College. https://t.co/iN9Zmn5VhW",[]
92,ArunShivhare100,2021-01-13 17:18:51,DELHI,1980,101,31795,3,Fire under control. #TMC MP Sudip Bandhopadhyay &amp; Minister Firhad Hakim at the spot. 800 families affected due to the blaze in #Baghbazar today. https://t.co/09l8JLWnzj,['TMC']
93,wpwebexpert,2021-01-13 17:18:34,"Noida, India",205,103,12899,37,"Prayers for Baghbazar , Kolkata . Slum people .
Multiple cylinder blasts reported in the slums opposite Baghbazar women College. https://t.co/iN9Zmn5VhW",[]
94,jiigneshh,2021-01-13 17:18:06, India,5001,1074,150033,37,"Prayers for Baghbazar , Kolkata . Slum people .
Multiple cylinder blasts reported in the slums opposite Baghbazar women College. https://t.co/iN9Zmn5VhW",[]
95,Emily_Sawkmie,2021-01-13 17:17:56,,1570,1646,45034,7,"Massive Fire At Kolkata's #Baghbazar, 20 Fire Engines At The Spot https://t.co/hikBHKCujM https://t.co/klbGPYOilU",['Baghbazar']
96,SreyashiDey,2021-01-13 17:17:31,"Kolkata, India",538,5905,10595,3,Fire under control. #TMC MP Sudip Bandhopadhyay &amp; Minister Firhad Hakim at the spot. 800 families affected due to the blaze in #Baghbazar today. https://t.co/09l8JLWnzj,"['TMC', 'Baghbazar']"
97,VipinGu84249050,2021-01-13 17:14:28,India,687,373,19631,37,"Prayers for Baghbazar , Kolkata . Slum people .
Multiple cylinder blasts reported in the slums opposite Baghbazar women College. https://t.co/iN9Zmn5VhW",[]
98,ramug0137,2021-01-13 17:12:19,,1015,268,22624,37,"Prayers for Baghbazar , Kolkata . Slum people .
Multiple cylinder blasts reported in the slums opposite Baghbazar women College. https://t.co/iN9Zmn5VhW",[]
99,rahulrawatrrr,2021-01-13 17:12:12,Gurgaon Haryana,80,37,5954,37,"Prayers for Baghbazar , Kolkata . Slum people .
Multiple cylinder blasts reported in the slums opposite Baghbazar women College. https://t.co/iN9Zmn5VhW",[]
100,tanmoychak,2021-01-13 17:11:59,New Delhi,51,1234,6016,0,@MamataOfficial Watching the devastating scenes on TV now of the Baghbazar Slum fire outbreak ! In the last 10 years how many slum redevelopment initiatives have been undertaken to deslummify Calcutta ? Shame on KMC to have been sitting and doing nothing to de-slummify Calcutta !,[]
101,AnirbanThisSide,2021-01-13 17:11:57,,15,22,532,13,"Major fire at a slum in north Kolkata's Baghbazar, several shanties gutted, 20 fire tenders at spot https://t.co/oB1PcZbKkP",[]
102,MehraInc,2021-01-13 17:11:54,Kashipur Uttrakhand,5752,5590,22932,22,"Massive fire in Central Kolkata's Baghbazar.
15 fire engines at the venue.
Blasts reported opposite Baghbazar Women College.
Roads Blocked:- Girish Park to CR Avenue.

#Bagbazar https://t.co/R6pZx84Y1v",[]
103,Kanhaiyaaagrawa,2021-01-13 17:11:53,Bharat,473,42,1168,37,"Prayers for Baghbazar , Kolkata . Slum people .
Multiple cylinder blasts reported in the slums opposite Baghbazar women College. https://t.co/iN9Zmn5VhW",[]
104,Jeetparam1986,2021-01-13 17:10:47,India,1060,1930,133047,37,"Prayers for Baghbazar , Kolkata . Slum people .
Multiple cylinder blasts reported in the slums opposite Baghbazar women College. https://t.co/iN9Zmn5VhW",[]
105,AMITAVA98589931,2021-01-13 17:09:20,,91,38,2277,37,"Prayers for Baghbazar , Kolkata . Slum people .
Multiple cylinder blasts reported in the slums opposite Baghbazar women College. https://t.co/iN9Zmn5VhW",[]
106,BJP4NARAYANGARH,2021-01-13 17:09:06,"Narayangarh, India",60,211,2399,37,"Prayers for Baghbazar , Kolkata . Slum people .
Multiple cylinder blasts reported in the slums opposite Baghbazar women College. https://t.co/iN9Zmn5VhW",[]
107,ManabMatiya,2021-01-13 17:09:05,"Narayangarh, India",142,1170,20500,37,"Prayers for Baghbazar , Kolkata . Slum people .
Multiple cylinder blasts reported in the slums opposite Baghbazar women College. https://t.co/iN9Zmn5VhW",[]
108,bhindan1,2021-01-13 17:07:30,,337,317,82975,37,"Prayers for Baghbazar , Kolkata . Slum people .
Multiple cylinder blasts reported in the slums opposite Baghbazar women College. https://t.co/iN9Zmn5VhW",[]
109,riteshverma149,2021-01-13 17:07:08,"Raipur, India",519,879,26133,37,"Prayers for Baghbazar , Kolkata . Slum people .
Multiple cylinder blasts reported in the slums opposite Baghbazar women College. https://t.co/iN9Zmn5VhW",[]
110,YTHISNEWS,2021-01-13 17:06:37,"Hyderabad, India",72,229,27117,0,"Big news has come from #Baghbazar of #Kolkatta where a massive #fire took over the area today evening. At present, 25 #fire_engines have reached the spot and are keeping no stone unturned in trying to blow out the #fire, which is raging with all its might.
https://t.co/T0o2gJYVHO","['Baghbazar', 'Kolkatta', 'fire', 'fire_engines', 'fire']"
111,HariganeshHindu,2021-01-13 17:06:19,India,1155,923,20941,37,"Prayers for Baghbazar , Kolkata . Slum people .
Multiple cylinder blasts reported in the slums opposite Baghbazar women College. https://t.co/iN9Zmn5VhW",[]
112,Rajput_Ramesh,2021-01-13 17:06:04,Mumbai,11774,94055,175540,37,"Prayers for Baghbazar , Kolkata . Slum people .
Multiple cylinder blasts reported in the slums opposite Baghbazar women College. https://t.co/iN9Zmn5VhW",[]
113,SujitDa85196520,2021-01-13 17:03:13,,40,25,3863,37,"Prayers for Baghbazar , Kolkata . Slum people .
Multiple cylinder blasts reported in the slums opposite Baghbazar women College. https://t.co/iN9Zmn5VhW",[]
114,__ILLUMINATED,2021-01-13 17:01:25,Parallel Universe,60,829,66870,0,"this fire in baghbazar, they are saying that it spread due to gas cylinder explosions , &amp; there were about 9 or 10 such explosions , but one footage showed a mushroom cloud",[]
115,Dhananj35423866,2021-01-13 17:00:38,"West Bengal, India",107,136,1083,37,"Prayers for Baghbazar , Kolkata . Slum people .
Multiple cylinder blasts reported in the slums opposite Baghbazar women College. https://t.co/iN9Zmn5VhW",[]
116,irakeshbose,2021-01-13 17:00:16,"Sheoraphuli,West Bengal, India",2775,5872,77626,37,"Prayers for Baghbazar , Kolkata . Slum people .
Multiple cylinder blasts reported in the slums opposite Baghbazar women College. https://t.co/iN9Zmn5VhW",[]
117,md9250gmailcom1,2021-01-13 16:58:25,"Bengaluru, India",236,347,55884,3,"A fire broke out at a colony in #Baghbazar area of Kolkata on Wednesday. As many as 25 fire tenders were rushed to the spot. There are no reports yet on any casualties.
Catch more here: https://t.co/CmDtl3HS8w https://t.co/AKEcwTGMzb",['Baghbazar']
118,AbhishekPyne15,2021-01-13 16:58:04,"Kolkata, India",702,40,498,13,"Major fire at a slum in north Kolkata's Baghbazar, several shanties gutted, 20 fire tenders at spot https://t.co/oB1PcZbKkP",[]
119,nowabhijit1,2021-01-13 16:52:40,"Dubrajpur, India",117,10,1853,4,Terrible scenes from Baghbazar area in Kolkata streaming on TV. Huge fire. 105 slum homes reduced to ashes. Wind making it worse. One and a half hours now and it's still raging in that lane.,[]
120,Koustab_Halder,2021-01-13 16:50:52,"Kolkata, India",1342,69,10083,22,"Massive fire in Central Kolkata's Baghbazar.
15 fire engines at the venue.
Blasts reported opposite Baghbazar Women College.
Roads Blocked:- Girish Park to CR Avenue.

#Bagbazar https://t.co/R6pZx84Y1v",[]
121,KalidasuGirid,2021-01-13 16:48:00,,484,68,32366,37,"Prayers for Baghbazar , Kolkata . Slum people .
Multiple cylinder blasts reported in the slums opposite Baghbazar women College. https://t.co/iN9Zmn5VhW",[]
122,Koustab_Halder,2021-01-13 16:47:16,"Kolkata, India",1342,69,10083,10,"#Update | A massive fire broke out in Kolkata's #Baghbazar area this evening. 20 fire engines are at the spot trying to bring the fire under control which broke out at a slum in the area. No one has been injured yet 

Read here: https://t.co/hikBHKCujM https://t.co/BhKiOXLcqL","['Update', 'Baghbazar']"
123,Koustab_Halder,2021-01-13 16:47:07,"Kolkata, India",1342,69,10083,4,"Massive fire in #Kolkata's Baghbazar area, 20 fire tenders rushed to the spot @NewsMobileIndia https://t.co/sxaLtKez5u",['Kolkata']
124,hare_krishna16,2021-01-13 16:45:39,kolkata,453,85,16952,0,"@amitmalviya Do u know there was a fire at baghbazar area , where Covid vaccine is kept for distribution",[]
125,Golden_Seagul,2021-01-13 16:44:22,India,249,1276,327647,3,"A fire broke out at a colony in #Baghbazar area of Kolkata on Wednesday. As many as 25 fire tenders were rushed to the spot. There are no reports yet on any casualties.
Catch more here: https://t.co/CmDtl3HS8w https://t.co/AKEcwTGMzb",['Baghbazar']
126,YesTripathi1998,2021-01-13 16:44:16,India,720,497,12947,37,"Prayers for Baghbazar , Kolkata . Slum people .
Multiple cylinder blasts reported in the slums opposite Baghbazar women College. https://t.co/iN9Zmn5VhW",[]
127,MODIfied_ankit,2021-01-13 16:44:06,Lucknow 🔁 Mirzapur,1065,5949,24307,37,"Prayers for Baghbazar , Kolkata . Slum people .
Multiple cylinder blasts reported in the slums opposite Baghbazar women College. https://t.co/iN9Zmn5VhW",[]
128,TheQuint,2021-01-13 16:41:34,,309,613145,351427,3,"A fire broke out at a colony in #Baghbazar area of Kolkata on Wednesday. As many as 25 fire tenders were rushed to the spot. There are no reports yet on any casualties.
Catch more here: https://t.co/CmDtl3HS8w https://t.co/AKEcwTGMzb",['Baghbazar']
129,assamtribuneoff,2021-01-13 16:39:50,Guwahati,53,590,2041,1,"A massive fire broke out today in Kolkata's Baghbazar as several shanties were gutted in the fire following multiple cylinder blasts. 25 fires tenders were rushed to the spot and firefighters are trying to douse the flames.

#TheAssamTribune #BaghbazarFire

@KolkataPolice https://t.co/gIOdPnhl0k","['TheAssamTribune', 'BaghbazarFire']"
130,BewafaSonam4,2021-01-13 16:39:01,,396,343,596,22,"Massive fire in Central Kolkata's Baghbazar.
15 fire engines at the venue.
Blasts reported opposite Baghbazar Women College.
Roads Blocked:- Girish Park to CR Avenue.

#Bagbazar https://t.co/R6pZx84Y1v",[]
131,springjimine,2021-01-13 16:38:39,btw i’m Mr. Queen obsessed rn,52,25,661,28,"Kolkata: Fire breaks out at Baghbazar area, 10 fire tenders present at the spot https://t.co/Gcc2l8d3gl https://t.co/2pZ4fuhnLt",[]
132,Koustab_Halder,2021-01-13 16:37:34,"Kolkata, India",1342,69,10083,2,"#WestBengal: Fire breaks out near Baghbazar's slum area of Kolkata, eight fire tenders present at the spot. https://t.co/OpVFEiSn27",['WestBengal']
133,Koustab_Halder,2021-01-13 16:37:25,"Kolkata, India",1342,69,10083,1,"Fire breaks out at Baghbazar area or Kolkata,20 fire engines on spot,shanties https://t.co/Niz3VkAJlk one injured as per initial reports. https://t.co/KRbFucueOw",[]
134,Koustab_Halder,2021-01-13 16:37:17,"Kolkata, India",1342,69,10083,13,"Major fire at a slum in north Kolkata's Baghbazar, several shanties gutted, 20 fire tenders at spot https://t.co/oB1PcZbKkP",[]
135,Koustab_Halder,2021-01-13 16:36:51,"Kolkata, India",1342,69,10083,2,*Massive fire breaks out at a colony in Kolkata’s Baghbazar area. As many as 10 fire tenders are currently working at spot to douse the fire.* https://t.co/Q0R7CdOtsi,[]
136,Koustab_Halder,2021-01-13 16:34:46,"Kolkata, India",1342,69,10083,0,"Massive fire at Kolkata's Baghbazar.

🙏 #Baghbazar #Kolkata https://t.co/Cr9MFarCAc","['Baghbazar', 'Kolkata']"
137,Predesai,2021-01-13 16:34:44,"Mumbai, Maharashtra",5001,1141,86897,4,Terrible scenes from Baghbazar area in Kolkata streaming on TV. Huge fire. 105 slum homes reduced to ashes. Wind making it worse. One and a half hours now and it's still raging in that lane.,[]
138,meenabhatia,2021-01-13 16:32:40,Bangalore,1187,1633,66055,0,Hope no casualties https://t.co/GJDcHO05cn,[]
139,patnaikjonty,2021-01-13 16:31:21,KOLKATA,2975,367,1104,2,"Massive fire at Kolkata's Baghbazar.

🙏 #Baghbazar #Kolkata https://t.co/cfuJnaUYMA","['Baghbazar', 'Kolkata']"
140,birati_mariners,2021-01-13 16:30:41,Birati,216,132,511,2,"Massive fire at Kolkata's Baghbazar.

🙏 #Baghbazar #Kolkata https://t.co/cfuJnaUYMA","['Baghbazar', 'Kolkata']"
141,NKAgarwal1234,2021-01-13 16:29:52,Kolkata & Howrah,4998,1019,48621,2,*Massive fire breaks out at a colony in Kolkata’s Baghbazar area. As many as 10 fire tenders are currently working at spot to douse the fire.* https://t.co/Q0R7CdOtsi,[]
142,NKAgarwal1234,2021-01-13 16:28:47,Kolkata & Howrah,4998,1019,48621,2,*Massive fire breaks out at a colony in Kolkata’s Baghbazar area. As many as 10 fire tenders are currently working at spot to douse the fire.* https://t.co/Q0R7CdOtsi,[]
143,NKAgarwal1234,2021-01-13 16:28:44,Kolkata & Howrah,4998,1019,48621,1,*Massive fire breaks out at a colony in Kolkata’s Baghbazar area. As many as 10 fire tenders are currently working at spot to douse the fire.* https://t.co/RUuUSsXkWY,[]
144,Iamzareen_,2021-01-13 16:28:17,"नई दिल्ली, भारत",898,4271,382,22,"Massive fire in Central Kolkata's Baghbazar.
15 fire engines at the venue.
Blasts reported opposite Baghbazar Women College.
Roads Blocked:- Girish Park to CR Avenue.

#Bagbazar https://t.co/R6pZx84Y1v",[]
145,ArkCmdr,2021-01-13 16:28:04,,2406,1938,93879,22,"Massive fire in Central Kolkata's Baghbazar.
15 fire engines at the venue.
Blasts reported opposite Baghbazar Women College.
Roads Blocked:- Girish Park to CR Avenue.

#Bagbazar https://t.co/R6pZx84Y1v",[]
146,AmitSha81107164,2021-01-13 16:28:00,भारत,99,1137,43436,3,"Massive fire in Central Kolkata's Baghbazar.
15 fire engines at the venue.
Blasts reported opposite Baghbazar Women College.
Roads Blocked:- Girish Park to CR Avenue.
.
.
.
#Kolkata #Calcutta #Baghbazar
#Bagbazar #Fire #FireInKolkata https://t.co/H8i4M15tM8",[]
147,NKAgarwal1234,2021-01-13 16:26:23,Kolkata & Howrah,4998,1019,48621,1,*Massive fire breaks out at a colony in Kolkata’s Baghbazar area. As many as 10 fire tenders are currently working at spot to douse the fire.* https://t.co/RUuUSsXkWY,[]
148,dhirajtak08,2021-01-13 16:25:20,,53,132,6934,28,"Kolkata: Fire breaks out at Baghbazar area, 10 fire tenders present at the spot https://t.co/Gcc2l8d3gl https://t.co/2pZ4fuhnLt",[]
149,dhirajtak08,2021-01-13 16:23:42,,53,132,6934,18,"West Bengal: Fire breaks out at a colony in Baghbazar area of Kolkata, eight fire tenders present at the spot

More details awaited",[]
150,shamim933,2021-01-13 16:22:55,Kolkata,56,714,26764,3,"Massive fire in Central Kolkata's Baghbazar.
15 fire engines at the venue.
Blasts reported opposite Baghbazar Women College.
Roads Blocked:- Girish Park to CR Avenue.
.
.
.
#Kolkata #Calcutta #Baghbazar
#Bagbazar #Fire #FireInKolkata https://t.co/H8i4M15tM8",[]
151,NUCLEARCRISIS19,2021-01-13 16:21:42,ROHTAK - HARYANA  - INDIA ,534,21,8631,5,"#Fire breaks out at a colony in Baghbazar area of #Kolkata, 8 fire tenders present at the spot. More details awaited (ANI)

#WestBengal","['Fire', 'Kolkata']"
152,bratbong,2021-01-13 16:21:09,Darjeeling ke bagal me,638,86,3880,4,Terrible scenes from Baghbazar area in Kolkata streaming on TV. Huge fire. 105 slum homes reduced to ashes. Wind making it worse. One and a half hours now and it's still raging in that lane.,[]
153,GAURAVKUMAR9935,2021-01-13 16:19:45,"लखनऊ, भारत",1172,1099,3903,0,"#WestBengal : Fire breaks out at a colony in Baghbazar area of Kolkata , eight fire tenders present at the spot https://t.co/eDP7bwd69l",['WestBengal']
154,newsalert24x7,2021-01-13 16:16:35,India,2,116,1902,0,"Massive Fire breaks out at #Kolkata's Baghbazar area; 24 fire tenders on spot.

#NewsAlert https://t.co/0vXy6ooM6j","['Kolkata', 'NewsAlert']"
155,Ajeet_Mishra_,2021-01-13 16:13:38,Mumbai,0,203,1289,0,"Fire breaks out at Kolkata’s Baghbazar, cylinders explode; 20 hearth tenders rushed https://t.co/VlvM1N6zym",[]
156,msajid810,2021-01-13 16:12:08,"Delhi, India",750,415,13007,22,"Massive fire in Central Kolkata's Baghbazar.
15 fire engines at the venue.
Blasts reported opposite Baghbazar Women College.
Roads Blocked:- Girish Park to CR Avenue.

#Bagbazar https://t.co/R6pZx84Y1v",[]
157,Koustab_Halder,2021-01-13 16:10:37,"Kolkata, India",1342,69,10083,1,"Fire at Baghbazar where fighters are trying to control the situation. A fireman is injured. 
#KolkataFire https://t.co/zDAs8eBEnR",['KolkataFire']
158,INCMohitJain,2021-01-13 16:06:18,"Madhya Pradesh, India",3228,18820,168458,22,"Massive fire in Central Kolkata's Baghbazar.
15 fire engines at the venue.
Blasts reported opposite Baghbazar Women College.
Roads Blocked:- Girish Park to CR Avenue.

#Bagbazar https://t.co/R6pZx84Y1v",[]
159,SANGBADPRABHAK2,2021-01-13 16:01:31,Naihati,983,36,1865,0,"Massive fire in Central Kolkata's Baghbazar. 24 fire tenders at spot to fight Bagbazar blaze, fire has spread to the Sarada Mayer Bari but all monks evacuated. Roads Blocked:- Girish Park to CR Avenue. https://t.co/kaGMgzfkpN",[]
160,Rakesh25182,2021-01-13 16:00:29,"Dadu Majra Colony, Chandigarh",8675,10691,507372,37,"Prayers for Baghbazar , Kolkata . Slum people .
Multiple cylinder blasts reported in the slums opposite Baghbazar women College. https://t.co/iN9Zmn5VhW",[]
161,SalehBinOsmanA1,2021-01-13 15:58:47,"Hyderabad, India",36,12,180,22,"Massive fire in Central Kolkata's Baghbazar.
15 fire engines at the venue.
Blasts reported opposite Baghbazar Women College.
Roads Blocked:- Girish Park to CR Avenue.

#Bagbazar https://t.co/R6pZx84Y1v",[]
162,sirRobinhoodJR,2021-01-13 15:58:25,,45,15,286,4,"Massive fire guts houses in Kolkata’s Baghbazar area 
https://t.co/zsgvZNhwgr 
#Kolkata https://t.co/7KMBGcvrWx",['Kolkata']
163,jollymampilly,2021-01-13 15:57:17,"India, Kerala.",2296,1516,45685,0,"Massive Fire At Kolkata's Baghbazar, 25 Fire Engines At The Spot - NDTV https://t.co/iKa1xp9U08",[]
164,netamakerIndia,2021-01-13 15:57:04,USA,105,66,45767,0,"Fire breaks out in Kolkata's Baghbazar, no casualties; five fire tenders deployed https://t.co/5vrMcAXOv2",[]
165,iamharshpansari,2021-01-13 15:54:42,India,435,1103,18771,37,"Prayers for Baghbazar , Kolkata . Slum people .
Multiple cylinder blasts reported in the slums opposite Baghbazar women College. https://t.co/iN9Zmn5VhW",[]
166,binaniyash4,2021-01-13 15:54:25,"Kolkata, India",898,3054,46314,37,"Prayers for Baghbazar , Kolkata . Slum people .
Multiple cylinder blasts reported in the slums opposite Baghbazar women College. https://t.co/iN9Zmn5VhW",[]
167,TOIKolkata,2021-01-13 15:53:23,"Kolkata, India",31,5887,42193,1,"Fire at Baghbazar where fighters are trying to control the situation. A fireman is injured. 
#KolkataFire https://t.co/zDAs8eBEnR",['KolkataFire']
168,15sumanagupta,2021-01-13 15:53:13,India,79,93,19096,28,"Kolkata: Fire breaks out at Baghbazar area, 10 fire tenders present at the spot https://t.co/Gcc2l8d3gl https://t.co/2pZ4fuhnLt",[]
169,sushil_jhabak,2021-01-13 15:53:07,,65,32,100,0,"Fire breaks out at Kolkata's Baghbazar, cylinders explode; 20 fire tenders rushed  | via @indiatvnews https://t.co/PuB0zDMDAj",[]
170,sushil_jhabak,2021-01-13 15:52:53,,65,32,100,0,"Massive Fire At Kolkata's Baghbazar, 25 Fire Engines At The Spot - NDTV https://t.co/wsmckNNmzx",[]
171,YeBhiThikHaii,2021-01-13 15:51:28,,1042,206,42125,22,"Massive fire in Central Kolkata's Baghbazar.
15 fire engines at the venue.
Blasts reported opposite Baghbazar Women College.
Roads Blocked:- Girish Park to CR Avenue.

#Bagbazar https://t.co/R6pZx84Y1v",[]
172,reshmi_delhi,2021-01-13 15:51:23,On earth.,464,542,39035,9,"Massive fire breaks out at Kolkata's Baghbazar area, 20 fire engines present at spot

#Kolkata #WestBengal #Baghbazar https://t.co/dvlWTRrAO1","['Kolkata', 'WestBengal', 'Baghbazar']"
173,soumya14484,2021-01-13 15:51:22,"Kolkata, India",31,52,707,9,"Massive fire breaks out at Kolkata's Baghbazar area, 20 fire engines present at spot

#Kolkata #WestBengal #Baghbazar https://t.co/dvlWTRrAO1","['Kolkata', 'WestBengal', 'Baghbazar']"
174,MeghaKejriwal19,2021-01-13 15:50:55,"Kolkata, India",273,121,3004,13,"Major fire at a slum in north Kolkata's Baghbazar, several shanties gutted, 20 fire tenders at spot https://t.co/oB1PcZbKkP",[]
175,MohamedJawsy,2021-01-13 15:49:28,"Doha, Qatar",325,26,1616,4,"Massive fire guts houses in Kolkata’s Baghbazar area 
https://t.co/zsgvZNhwgr 
#Kolkata https://t.co/7KMBGcvrWx",['Kolkata']
176,imChikku_,2021-01-13 15:49:04,India,3247,5999,121778,22,"Massive fire in Central Kolkata's Baghbazar.
15 fire engines at the venue.
Blasts reported opposite Baghbazar Women College.
Roads Blocked:- Girish Park to CR Avenue.

#Bagbazar https://t.co/R6pZx84Y1v",[]
177,NikkuYadavJi,2021-01-13 15:48:25,"Uttar Pradesh, Bihar, India",10381,19120,101179,22,"Massive fire in Central Kolkata's Baghbazar.
15 fire engines at the venue.
Blasts reported opposite Baghbazar Women College.
Roads Blocked:- Girish Park to CR Avenue.

#Bagbazar https://t.co/R6pZx84Y1v",[]
178,Koustab_Halder,2021-01-13 15:48:00,"Kolkata, India",1342,69,10083,1,"#Kolkata: Fire breaks out at Baghbazar area, 10 fire tenders present at the spot. (ANI) https://t.co/5MZRosftTp",['Kolkata']
179,trendingindia,2021-01-13 15:47:04,India,201,1218,4754,0,"Fire breaks out in Kolkata Baghbazar, no casualties reported. Fire engines at the location.
#Breaking #Kolkata","['Breaking', 'Kolkata']"
180,Koustab_Halder,2021-01-13 15:46:58,"Kolkata, India",1342,69,10083,5,"#Fire breaks out at a colony in Baghbazar area of #Kolkata, 8 fire tenders present at the spot. More details awaited (ANI)

#WestBengal","['Fire', 'Kolkata']"
181,Iam_HaRapRasaD,2021-01-13 15:46:56,"Bhubaneswar,odisha,india",2692,2289,31518,22,"Massive fire in Central Kolkata's Baghbazar.
15 fire engines at the venue.
Blasts reported opposite Baghbazar Women College.
Roads Blocked:- Girish Park to CR Avenue.

#Bagbazar https://t.co/R6pZx84Y1v",[]
182,HarisButt_INC,2021-01-13 15:45:45,"उत्तर प्रदेश, भारत",549,657,2027,22,"Massive fire in Central Kolkata's Baghbazar.
15 fire engines at the venue.
Blasts reported opposite Baghbazar Women College.
Roads Blocked:- Girish Park to CR Avenue.

#Bagbazar https://t.co/R6pZx84Y1v",[]
183,sirajnoorani,2021-01-13 15:45:22,mumbai,2667,636,16879,0,"West Bengal: Fire breaks out at a colony in Baghbazar area of Kolkata, eight fire tenders present at the spot

More details awaited",[]
184,Kamalpariharinc,2021-01-13 15:44:36,49 फतेहपुर लोकसभा,1660,1139,1241,22,"Massive fire in Central Kolkata's Baghbazar.
15 fire engines at the venue.
Blasts reported opposite Baghbazar Women College.
Roads Blocked:- Girish Park to CR Avenue.

#Bagbazar https://t.co/R6pZx84Y1v",[]
185,PUNAMDG,2021-01-13 15:44:35,,1172,298,32788,22,"Massive fire in Central Kolkata's Baghbazar.
15 fire engines at the venue.
Blasts reported opposite Baghbazar Women College.
Roads Blocked:- Girish Park to CR Avenue.

#Bagbazar https://t.co/R6pZx84Y1v",[]
186,rajneesh350,2021-01-13 15:44:23,"New Delhi, India",818,15978,197445,22,"Massive fire in Central Kolkata's Baghbazar.
15 fire engines at the venue.
Blasts reported opposite Baghbazar Women College.
Roads Blocked:- Girish Park to CR Avenue.

#Bagbazar https://t.co/R6pZx84Y1v",[]
187,sushil_jhabak,2021-01-13 15:44:13,,65,32,100,0,"Massive Fire Breaks Out at Kolkata's Baghbazar Area, 20 Fire Tenders Rush to Spot https://t.co/HVD8H3jq9b",[]
188,sou_pikachu,2021-01-13 15:44:07,,343,150,3296,0,"Pls pls pls be safe if u r from Baghbazar, Kolkata .. pls.. there is a fire going on... 😔😔🙏",[]
189,Dilsedesh,2021-01-13 15:43:09,"Haryana, India",1326,134533,127370,22,"Massive fire in Central Kolkata's Baghbazar.
15 fire engines at the venue.
Blasts reported opposite Baghbazar Women College.
Roads Blocked:- Girish Park to CR Avenue.

#Bagbazar https://t.co/R6pZx84Y1v",['Bagbazar']
190,sushil_jhabak,2021-01-13 15:41:25,,65,32,100,0,"Fire breaks out at a slum in Kolkata's Baghbazar area, 20 fire tenders rushed to the spot | Hindustan Times https://t.co/j3PNLqI5jw",[]
191,mtkayani,2021-01-13 15:41:07,,414,150,13306,4,"Massive fire guts houses in Kolkata’s Baghbazar area 
https://t.co/zsgvZNhwgr 
#Kolkata https://t.co/7KMBGcvrWx",['Kolkata']
192,TheSomBanerjee,2021-01-13 15:40:20,Delhi,743,156,3301,0,"Hey @KolkataPolice , someone has fed poison to this dog. Location is infront of 16/1/2 Baghbazar street. When we called shyampukur thana, they were least bothered to turn up. Request you to immediately take action against the miscreants.

@MamataOfficial https://t.co/xfLVKsrox0",[]
193,NewsWestBengal,2021-01-13 15:39:21,"Kolkota, West Bengal",2,1512,45506,0,West Bengal: Fire breaks out at Baghbazar area in north Kolkata - Free Press Journal https://t.co/QMzdYdHm8I #WestBengal,['WestBengal']
194,THE_1_NEWS,2021-01-13 15:36:31,,35,0,57,0,"Massive Fire took place at Kolkata's Baghbazar, 25 Fire Engines at the spot
https://t.co/41q5W6GUH0 https://t.co/vmDW6V2lsR",[]
195,AmanMeh74671322,2021-01-13 15:34:58,"New Delhi, India",381,45,4211,28,"Kolkata: Fire breaks out at Baghbazar area, 10 fire tenders present at the spot https://t.co/Gcc2l8d3gl https://t.co/2pZ4fuhnLt",[]
196,BengalNewzIndia,2021-01-13 15:34:52,"Kolkata, West Bengal, India",7,3058,22109,2,"@BengalNewz @Breaking_24X7 @WestBengal_BN 25 fire tenders are currently present at the spot, reports @BengalNewz. However, the local people at Baghbazar have alleged that the water engines arrived late. By the time #emergency serives arrived, all the houses at nearby slum had been burnt, locals have claimed. | #Kolkata",[]
197,AmitSin42299046,2021-01-13 15:34:43,,5252,4788,63489,28,"Kolkata: Fire breaks out at Baghbazar area, 10 fire tenders present at the spot https://t.co/Gcc2l8d3gl https://t.co/2pZ4fuhnLt",[]
198,Golden_Seagul,2021-01-13 15:34:40,India,249,1276,327647,10,"#Update | A massive fire broke out in Kolkata's #Baghbazar area this evening. 20 fire engines are at the spot trying to bring the fire under control which broke out at a slum in the area. No one has been injured yet 

Read here: https://t.co/hikBHKCujM https://t.co/BhKiOXLcqL","['Update', 'Baghbazar']"
199,naklinawab,2021-01-13 15:34:31,India,309,117,17582,18,"West Bengal: Fire breaks out at a colony in Baghbazar area of Kolkata, eight fire tenders present at the spot

More details awaited",[]
200,MANISH37371138,2021-01-13 15:34:20,India,88,382,50858,28,"Kolkata: Fire breaks out at Baghbazar area, 10 fire tenders present at the spot https://t.co/Gcc2l8d3gl https://t.co/2pZ4fuhnLt",[]
201,Rkivetunes,2021-01-13 15:33:50,Squirrel In My Pants,994,1636,39230,7,"Massive Fire At Kolkata's #Baghbazar, 20 Fire Engines At The Spot https://t.co/hikBHKCujM https://t.co/klbGPYOilU",['Baghbazar']
202,Rkivetunes,2021-01-13 15:33:29,Squirrel In My Pants,994,1636,39230,0,Oh No .....Everyone those who stay near Baghbazar stay safe please https://t.co/tw7mhQjGsP,[]
203,DrNaziaFayaz2,2021-01-13 15:32:52,"Multan, Pakistan",1914,302,59465,4,"Massive fire guts houses in Kolkata’s Baghbazar area 
https://t.co/zsgvZNhwgr 
#Kolkata https://t.co/7KMBGcvrWx",['Kolkata']
204,BengalNewz,2021-01-13 15:32:23,Kolkata🇮🇳 and Dhaka🇧🇩,6,5276,54241,2,"@BengalNewz @Breaking_24X7 @WestBengal_BN 25 fire tenders are currently present at the spot, reports @BengalNewz. However, the local people at Baghbazar have alleged that the water engines arrived late. By the time #emergency serives arrived, all the houses at nearby slum had been burnt, locals have claimed. | #Kolkata",[]
205,firstpost,2021-01-13 15:31:54,"Mumbai, India",898,2091676,618427,0,"Police officers suspect gas cylinders burst in the area. A senior #Kolkata police officer, however, said the reason behind the fire was not yet known.

https://t.co/KD9uY9FJPe",['Kolkata']
206,BengalNewzIndia,2021-01-13 15:31:11,"Kolkata, West Bengal, India",7,3058,22109,2,"@BengalNewz @Breaking_24X7 @WestBengal_BN 25 fire tenders are currently present at the spot, reports @BengalNewz. However, the local people at Baghbazar have alleged that the water engines arrived late. By the time #emergency serives arrived, all the houses at nearby slum had been burnt, locals have claimed. | #Kolkata","['emergency', 'Kolkata']"
207,KRAANKIT,2021-01-13 15:28:17,"Belur,KOLKATA, WEST, INDIA",472,77,8008,3,"#Breaking | Major fire breaks out in North Kolkata’s Baghbazar area after multiple cylinder blasts.

10 fire tenders &amp; State Disaster Management team have rushed to the spot. https://t.co/r5Lva3z7ig",['Breaking']
208,GuruGajewasia,2021-01-13 15:28:13,,26,20,39558,3,"#Breaking | Major fire breaks out in North Kolkata’s Baghbazar area after multiple cylinder blasts.

10 fire tenders &amp; State Disaster Management team have rushed to the spot. https://t.co/r5Lva3z7ig",['Breaking']
209,gulftoday,2021-01-13 15:28:06,"UAE, Sharjah",52,55161,204872,4,"Massive fire guts houses in Kolkata’s Baghbazar area 
https://t.co/zsgvZNhwgr 
#Kolkata https://t.co/7KMBGcvrWx",['Kolkata']
210,desiswift,2021-01-13 15:26:56,she/her; gay rights🌈,1874,4473,250371,28,"Kolkata: Fire breaks out at Baghbazar area, 10 fire tenders present at the spot https://t.co/Gcc2l8d3gl https://t.co/2pZ4fuhnLt",[]
211,AlokSin27744363,2021-01-13 15:26:34,,36,109,73432,7,"Massive Fire At Kolkata's #Baghbazar, 20 Fire Engines At The Spot https://t.co/hikBHKCujM https://t.co/klbGPYOilU",['Baghbazar']
212,AlokSin27744363,2021-01-13 15:26:31,,36,109,73432,10,"#Update | A massive fire broke out in Kolkata's #Baghbazar area this evening. 20 fire engines are at the spot trying to bring the fire under control which broke out at a slum in the area. No one has been injured yet 

Read here: https://t.co/hikBHKCujM https://t.co/BhKiOXLcqL","['Update', 'Baghbazar']"
213,SouravChaudhur5,2021-01-13 15:25:31,,154,14,1369,3,"#Breaking | Major fire breaks out in North Kolkata’s Baghbazar area after multiple cylinder blasts.

10 fire tenders &amp; State Disaster Management team have rushed to the spot. https://t.co/r5Lva3z7ig",['Breaking']
214,TuhinaH01,2021-01-13 15:23:55,India,45,25,5107,28,"Kolkata: Fire breaks out at Baghbazar area, 10 fire tenders present at the spot https://t.co/Gcc2l8d3gl https://t.co/2pZ4fuhnLt",[]
215,NewsNowNation,2021-01-13 15:23:09,India,223,242,2909,0,"Fire breaks out at a colony in #Kolkata's Baghbazar area

This is the second fire incident reported in the capital city of West Bengal today. Earlier, a fire broke out at a go-down in the Manicktala area with five fire tenders rushed to the spot, according to police officials. https://t.co/tw27izQHIt",['Kolkata']
216,_gandharv_,2021-01-13 15:23:06,City of Joy & City of Rallies,1117,190,11512,3,"Massive fire in Central Kolkata's Baghbazar.
15 fire engines at the venue.
Blasts reported opposite Baghbazar Women College.
Roads Blocked:- Girish Park to CR Avenue.
.
.
.
#Kolkata #Calcutta #Baghbazar
#Bagbazar #Fire #FireInKolkata https://t.co/H8i4M15tM8","['Kolkata', 'Calcutta', 'Baghbazar', 'Bagbazar', 'Fire', 'FireInKolkata']"
217,mesyedsalu,2021-01-13 15:22:14,Bengaluru,88,105,45374,7,"Massive Fire At Kolkata's #Baghbazar, 20 Fire Engines At The Spot https://t.co/hikBHKCujM https://t.co/klbGPYOilU",['Baghbazar']
218,mesyedsalu,2021-01-13 15:22:11,Bengaluru,88,105,45374,28,"Kolkata: Fire breaks out at Baghbazar area, 10 fire tenders present at the spot https://t.co/Gcc2l8d3gl https://t.co/2pZ4fuhnLt",[]
219,TimesNow,2021-01-13 15:22:11,India,371,9930573,612721,3,"#Breaking | Major fire breaks out in North Kolkata’s Baghbazar area after multiple cylinder blasts.

10 fire tenders &amp; State Disaster Management team have rushed to the spot. https://t.co/r5Lva3z7ig",['Breaking']
220,TripRR,2021-01-13 15:22:08,Mumbai🇮🇳,1522,761,290333,1,"Fire breaks out at Kolkata's Baghbazar, cylinders explode; 20 fire tenders rushed

https://t.co/QHaVoegmuD",[]
221,sumitragoenka,2021-01-13 15:22:05,"New Delhi, India",212,2892,14521,4,"Massive fire in #Kolkata's Baghbazar area, 20 fire tenders rushed to the spot @NewsMobileIndia https://t.co/sxaLtKez5u",['Kolkata']
222,mesyedsalu,2021-01-13 15:22:01,Bengaluru,88,105,45374,10,"#Update | A massive fire broke out in Kolkata's #Baghbazar area this evening. 20 fire engines are at the spot trying to bring the fire under control which broke out at a slum in the area. No one has been injured yet 

Read here: https://t.co/hikBHKCujM https://t.co/BhKiOXLcqL","['Update', 'Baghbazar']"
223,DikshaR75798699,2021-01-13 15:22:01,,493,90,2391,3,#Watch| Massive fire breaks out at a colony in Kolkata’s Baghbazar area. As many as 10 fire tenders are currently working at spot to douse the fire. No injury has been reported as of yet. #Eisamay https://t.co/ReHIlTDZ3e,['Watch']
224,ShabanaANI2,2021-01-13 15:21:01,Kolkata,40,624,2183,1,Visuals from.Baghbazar colony https://t.co/sgbKN4hM60,[]
225,indiatvnews,2021-01-13 15:17:31,India,48,1500845,537977,1,"Fire breaks out at Kolkata's Baghbazar, cylinders explode; 20 fire tenders rushed

https://t.co/QHaVoegmuD",[]
226,HindustanTimes,2021-01-13 15:16:17,"New Delhi, India",12,31451,262754,0,"Fire breaks out at a slum in Kolkata's Baghbazar area, 20 fire tenders rushed to the spot https://t.co/eTibwdxWCd",[]
227,NayanBasuu,2021-01-13 15:15:57,Calcutta | Bangalore,514,1185,10901,4,Terrible scenes from Baghbazar area in Kolkata streaming on TV. Huge fire. 105 slum homes reduced to ashes. Wind making it worse. One and a half hours now and it's still raging in that lane.,[]
228,isaurabhshukla,2021-01-13 15:14:45,Delhi NCR,564,17886,24653,9,"Massive fire breaks out at Kolkata's Baghbazar area, 20 fire engines present at spot

#Kolkata #WestBengal #Baghbazar https://t.co/dvlWTRrAO1","['Kolkata', 'WestBengal', 'Baghbazar']"
229,PratimDGupta,2021-01-13 15:14:26,india,573,36808,40086,4,Terrible scenes from Baghbazar area in Kolkata streaming on TV. Huge fire. 105 slum homes reduced to ashes. Wind making it worse. One and a half hours now and it's still raging in that lane.,[]
230,sushil_jhabak,2021-01-13 15:14:03,,65,32,100,0,West Bengal: Fire breaks out at Baghbazar area in north Kolkata | freepressjournal https://t.co/I6guYP98sH,[]
231,subhabrataRroy,2021-01-13 15:13:54,"Shrirampur, India",4,1,111,0,"Fire spead out over #Baghbazar ...   gas cylinders burning in chain...
Wind causing it to be worse..
No casualties caught...
Fire fighters working hard to control.
Deadly scenario..
#BaghbazarMayerBari 
https://t.co/Nrl98lP1Hx https://t.co/WsS9lUVTcv","['Baghbazar', 'BaghbazarMayerBari']"
232,jeena203,2021-01-13 15:12:25,,884,3450,902168,10,"#Update | A massive fire broke out in Kolkata's #Baghbazar area this evening. 20 fire engines are at the spot trying to bring the fire under control which broke out at a slum in the area. No one has been injured yet 

Read here: https://t.co/hikBHKCujM https://t.co/BhKiOXLcqL","['Update', 'Baghbazar']"
233,vinaylohia82,2021-01-13 15:10:49,"Kolkata, India",1275,5306,229925,2,"West Bengal: Massive fire breaks out at Baghbazar area in north Kolkata, reports @aritrasingha1 

https://t.co/26mhLyUw2j",[]
234,prritinarain,2021-01-13 15:10:47,Gurgaon,312,1182,2510,9,"Massive fire breaks out at Kolkata's Baghbazar area, 20 fire engines present at spot

#Kolkata #WestBengal #Baghbazar https://t.co/dvlWTRrAO1","['Kolkata', 'WestBengal', 'Baghbazar']"
235,prritinarain,2021-01-13 15:10:24,Gurgaon,312,1182,2510,4,"Massive fire in #Kolkata's Baghbazar area, 20 fire tenders rushed to the spot @NewsMobileIndia https://t.co/sxaLtKez5u",['Kolkata']
236,fpjindia,2021-01-13 15:10:12,India,533,20633,219393,2,"West Bengal: Massive fire breaks out at Baghbazar area in north Kolkata, reports @aritrasingha1 

https://t.co/26mhLyUw2j",[]
237,ZeroCalorie_0,2021-01-13 15:08:42,,778,160,12975,0,Massive fire broke out in Baghbazar area of North Kolkata. Grave situation. https://t.co/B0lJRWYmPg,[]
238,sushil_jhabak,2021-01-13 15:08:11,,65,32,100,0,"Kolkata: Fire breaks out in Baghbazar area, no casualties reported   https://t.co/7sv9JGd0wo via @scroll_in",[]
239,sushil_jhabak,2021-01-13 15:07:52,,65,32,100,0,"Kolkata: Fire breaks out in Baghbazar area, no casualties reported https://t.co/7sv9JGd0wo via @scroll_in",[]
240,prema_rajaram,2021-01-13 15:07:37,Kolkata,383,1104,1537,1,"Fire breaks out at Baghbazar area or Kolkata,20 fire engines on spot,shanties https://t.co/Niz3VkAJlk one injured as per initial reports. https://t.co/KRbFucueOw",[]
241,sushil_jhabak,2021-01-13 15:07:04,,65,32,100,0,"@KolkataPolice:, @AmitShahOffice @pmo Fire breaks out in Baghbazar area, no casualties reported https://t.co/7sv9JGd0wo via @scroll_in",[]
242,SreyashiDey,2021-01-13 15:05:57,"Kolkata, India",538,5905,10595,2,"RAF deployed at #Baghbazar. 

Angry locals say the fire engines reached late. Fire still not under control. Media has also been attacked by the locals at the spot. 

Fire Minister currently in Gangasagar taking stock of the preparations of the pilgrimage. https://t.co/lA7ML4dTyA",['Baghbazar']
243,Nishant54592591,2021-01-13 15:05:31,,816,233,14969,28,"Kolkata: Fire breaks out at Baghbazar area, 10 fire tenders present at the spot https://t.co/Gcc2l8d3gl https://t.co/2pZ4fuhnLt",[]
244,Chakrabarty_tus,2021-01-13 15:04:27,"Guwahati, India",938,264,6917,0,"Massive fire breaks out at a colony(Basti) in Kolkata’s Baghbazar area. Why there are large number of Basti (dwelling place with temporary structures) in and around Kolkata City ? If State Govt does not initiate the removal of such BASTIs from the City area, then there is every",[]
245,IshaniDg,2021-01-13 15:04:04,"Kolkata, India",4855,2252,17427,9,"Massive fire breaks out at Kolkata's Baghbazar area, 20 fire engines present at spot

#Kolkata #WestBengal #Baghbazar https://t.co/dvlWTRrAO1","['Kolkata', 'WestBengal', 'Baghbazar']"
246,ckausalye,2021-01-13 15:02:47,"Pune, India",642,740,122090,7,"Massive Fire At Kolkata's #Baghbazar, 20 Fire Engines At The Spot https://t.co/hikBHKCujM https://t.co/klbGPYOilU",['Baghbazar']
247,nemityadav1,2021-01-13 15:02:43,"Raipur , Chhattisgarh, India",643,1357,413638,28,"Kolkata: Fire breaks out at Baghbazar area, 10 fire tenders present at the spot https://t.co/Gcc2l8d3gl https://t.co/2pZ4fuhnLt",[]
248,nemityadav1,2021-01-13 15:02:18,"Raipur , Chhattisgarh, India",643,1357,413638,18,"West Bengal: Fire breaks out at a colony in Baghbazar area of Kolkata, eight fire tenders present at the spot

More details awaited",[]
249,riteshbagri,2021-01-13 15:02:05,India,530,180,9772,2,"Fire breaks out at a colony in Kolkata's Baghbazar area, 8 fire tenders present at site

https://t.co/NNBFoCfz89 https://t.co/94R8TECF9L",[]
250,riteshbagri,2021-01-13 15:02:02,India,530,180,9772,7,"Massive Fire At Kolkata's #Baghbazar, 20 Fire Engines At The Spot https://t.co/hikBHKCujM https://t.co/klbGPYOilU",['Baghbazar']
251,fpjindia,2021-01-13 15:01:35,India,533,20633,219393,0,"West Bengal: Fire breaks out at Baghbazar area in north Kolkata

#WestBengal #Kolkata

https://t.co/26mhLyUw2j","['WestBengal', 'Kolkata']"
252,xhertx,2021-01-13 15:01:01,warnsomegraphicphotosbadnews,5290,6699,374012,1,"Massive Fire At Kolkata's Baghbazar, 20 Fire Engines At The Spot https://t.co/m2RTnib5tT https://t.co/HV4EvachwL",[]
253,iSnehasishDas,2021-01-13 15:00:40,"Kolkata, India",2072,983,10978,3,#Watch| Massive fire breaks out at a colony in Kolkata’s Baghbazar area. As many as 10 fire tenders are currently working at spot to douse the fire. No injury has been reported as of yet. #Eisamay https://t.co/ReHIlTDZ3e,['Watch']
254,Blanch92Nucsha,2021-01-13 14:59:24,,76,272,120909,1,"West #Bengal : Fire breaks out at a colony in #Baghbazar area of #Kolkata , eight fire tenders present at the spot https://t.co/rjq9l3ymkQ","['Bengal', 'Baghbazar', 'Kolkata']"
255,TOIKolkata,2021-01-13 14:58:29,"Kolkata, India",31,5887,42193,1,"#Kolkata: Fire breaks out at Baghbazar area, 10 fire tenders present at the spot. (ANI) https://t.co/5MZRosftTp",['Kolkata']
256,Dhanraj1093,2021-01-13 14:57:30,,856,222,16875,28,"Kolkata: Fire breaks out at Baghbazar area, 10 fire tenders present at the spot https://t.co/Gcc2l8d3gl https://t.co/2pZ4fuhnLt",[]
257,insumit,2021-01-13 14:56:34,,447,1053,61371,28,"Kolkata: Fire breaks out at Baghbazar area, 10 fire tenders present at the spot https://t.co/Gcc2l8d3gl https://t.co/2pZ4fuhnLt",[]
258,_Kay_Sha_,2021-01-13 14:56:01,,325,85,10743,10,"#Update | A massive fire broke out in Kolkata's #Baghbazar area this evening. 20 fire engines are at the spot trying to bring the fire under control which broke out at a slum in the area. No one has been injured yet 

Read here: https://t.co/hikBHKCujM https://t.co/BhKiOXLcqL","['Update', 'Baghbazar']"
259,ShobhaMookerje1,2021-01-13 14:55:27,,1751,2813,79649,28,"Kolkata: Fire breaks out at Baghbazar area, 10 fire tenders present at the spot https://t.co/Gcc2l8d3gl https://t.co/2pZ4fuhnLt",[]
260,PriyadrshiSingh,2021-01-13 14:55:20,Mostly at Home. ,953,288,66101,28,"Kolkata: Fire breaks out at Baghbazar area, 10 fire tenders present at the spot https://t.co/Gcc2l8d3gl https://t.co/2pZ4fuhnLt",[]
261,world_news_eng,2021-01-13 14:55:01,,39,1164,758739,10,"#Update | A massive fire broke out in Kolkata's #Baghbazar area this evening. 20 fire engines are at the spot trying to bring the fire under control which broke out at a slum in the area. No one has been injured yet 

Read here: https://t.co/hikBHKCujM https://t.co/BhKiOXLcqL","['Update', 'Baghbazar']"
262,bulletbasya,2021-01-13 14:53:18,ಬೆಂಗಳೂರು,789,143,44534,28,"Kolkata: Fire breaks out at Baghbazar area, 10 fire tenders present at the spot https://t.co/Gcc2l8d3gl https://t.co/2pZ4fuhnLt",[]
263,1MUHAMMAD_AAQIB,2021-01-13 14:53:10,"Maharashtra, India ",4577,2451,27102,10,"#Update | A massive fire broke out in Kolkata's #Baghbazar area this evening. 20 fire engines are at the spot trying to bring the fire under control which broke out at a slum in the area. No one has been injured yet 

Read here: https://t.co/hikBHKCujM https://t.co/BhKiOXLcqL","['Update', 'Baghbazar']"
264,GalataJack,2021-01-13 14:52:53,"Hyderabad, India",1253,139,4678,28,"Kolkata: Fire breaks out at Baghbazar area, 10 fire tenders present at the spot https://t.co/Gcc2l8d3gl https://t.co/2pZ4fuhnLt",[]
265,Hunnain_,2021-01-13 14:52:52,"Ahmedabad, Gujarat 🇮🇳",117,783,11501,9,"Massive fire breaks out at Kolkata's Baghbazar area, 20 fire engines present at spot

#Kolkata #WestBengal #Baghbazar https://t.co/dvlWTRrAO1","['Kolkata', 'WestBengal', 'Baghbazar']"
266,SauravDamor,2021-01-13 14:52:50,"Dubai, United Arab Emirates",915,68,9536,2,"Kolkata: Fire breaks out at Baghbazar area, 10 fire tenders present at the spot. https://t.co/OR1Kh8DPKX",[]
267,God61284517,2021-01-13 14:52:11,India,200,171,79006,28,"Kolkata: Fire breaks out at Baghbazar area, 10 fire tenders present at the spot https://t.co/Gcc2l8d3gl https://t.co/2pZ4fuhnLt",[]
268,NewsExp08086136,2021-01-13 14:52:07,,11,1,70,0,"Kolkata: Fire breaks out at Baghbazar area, 10 fire tenders present at the spot https://t.co/2GJpH6zj1n",[]
269,ndtv,2021-01-13 14:52:06,India,15,14424705,778961,10,"#Update | A massive fire broke out in Kolkata's #Baghbazar area this evening. 20 fire engines are at the spot trying to bring the fire under control which broke out at a slum in the area. No one has been injured yet 

Read here: https://t.co/hikBHKCujM https://t.co/BhKiOXLcqL","['Update', 'Baghbazar']"
270,rosammat,2021-01-13 14:52:05,,4453,838,71296,7,"Massive Fire At Kolkata's #Baghbazar, 20 Fire Engines At The Spot https://t.co/hikBHKCujM https://t.co/klbGPYOilU",['Baghbazar']
271,takshakjihad,2021-01-13 14:51:36,,85,16,1541,18,"West Bengal: Fire breaks out at a colony in Baghbazar area of Kolkata, eight fire tenders present at the spot

More details awaited",[]
272,diiablerie,2021-01-13 14:51:14,"in my room, on my bed",324,1379,24264,28,"Kolkata: Fire breaks out at Baghbazar area, 10 fire tenders present at the spot https://t.co/Gcc2l8d3gl https://t.co/2pZ4fuhnLt",[]
273,3a6a51b16534495,2021-01-13 14:50:56,"Mumbai, India",1650,873,12790,28,"Kolkata: Fire breaks out at Baghbazar area, 10 fire tenders present at the spot https://t.co/Gcc2l8d3gl https://t.co/2pZ4fuhnLt",[]
274,DeccanHerald,2021-01-13 14:50:51,India,143,64388,257956,0,"Blasts were heard in the slum which police suspect to be of gas cylinders at the houses on fire, officials said.
 https://t.co/ad1VXk3CiX",[]
275,Beniwal_Nimbu,2021-01-13 14:50:29,"Barmer, India",952,385,32542,28,"Kolkata: Fire breaks out at Baghbazar area, 10 fire tenders present at the spot https://t.co/Gcc2l8d3gl https://t.co/2pZ4fuhnLt",[]
276,NewsExp08086136,2021-01-13 14:50:26,,11,1,70,0,"West Bengal: Fire breaks out at a colony in Baghbazar area of Kolkata, eight fire tenders present at the spot

More details awaited #Kolkata",['Kolkata']
277,TheDailyPioneer,2021-01-13 14:50:13,,98,25282,80459,2,"Kolkata: Fire breaks out at Baghbazar area, 10 fire tenders present at the spot. https://t.co/OR1Kh8DPKX",[]
278,ParthSh62123367,2021-01-13 14:50:08,,52,17,2825,28,"Kolkata: Fire breaks out at Baghbazar area, 10 fire tenders present at the spot https://t.co/Gcc2l8d3gl https://t.co/2pZ4fuhnLt",[]
279,iamharshpansari,2021-01-13 14:50:03,India,435,1103,18771,0,"Pray for Baghbazar Slum

Multiple cylinder blasts reported in the slums opposite Baghbazar women College.

 https://t.co/EJcrxgny7C",[]
280,rajsahaofficial,2021-01-13 14:50:02,"New Delhi, India",609,64,2904,0,Massive fire breaks out at a colony in Kolkata’s Baghbazar area. As many as 10 fire tenders are currently working at spot to douse the fire. No injury has been reported as of yet. https://t.co/P0CgH6Lg9h,[]
281,ndtv,2021-01-13 14:50:01,India,15,14424707,778961,7,"Massive Fire At Kolkata's #Baghbazar, 20 Fire Engines At The Spot https://t.co/hikBHKCujM https://t.co/klbGPYOilU",['Baghbazar']
282,saurabhl713136,2021-01-13 14:49:53,"New Delhi, India",856,24,2346,28,"Kolkata: Fire breaks out at Baghbazar area, 10 fire tenders present at the spot https://t.co/Gcc2l8d3gl https://t.co/2pZ4fuhnLt",[]
283,raviprakash366,2021-01-13 14:49:05,"Hyderabad, India",126,158,54123,28,"Kolkata: Fire breaks out at Baghbazar area, 10 fire tenders present at the spot https://t.co/Gcc2l8d3gl https://t.co/2pZ4fuhnLt",[]
284,ANI,2021-01-13 14:48:51,India,0,5096316,453483,28,"Kolkata: Fire breaks out at Baghbazar area, 10 fire tenders present at the spot https://t.co/Gcc2l8d3gl https://t.co/2pZ4fuhnLt",[]
285,CabipoolKOL,2021-01-13 14:44:05,"Kolkata, India",15,180,11687,1,"The fire during the evening rush hours led to a massive traffic snarl in the area.
#fire 
#kolkata 
#westbengal 

https://t.co/MtmT89I100","['fire', 'kolkata', 'westbengal']"
286,indiacom,2021-01-13 14:42:58,India,420,13779,201846,1,"The fire during the evening rush hours led to a massive traffic snarl in the area.
#fire 
#kolkata 
#westbengal 

https://t.co/MtmT89I100","['fire', 'kolkata', 'westbengal']"
287,SoumyajitWrites,2021-01-13 14:42:46,"Kolkata, India",969,844,3762,13,"Major fire at a slum in north Kolkata's Baghbazar, several shanties gutted, 20 fire tenders at spot https://t.co/oB1PcZbKkP",[]
288,IndieGourmand,2021-01-13 14:42:25,,285,142,77248,2,"Kolkata: Fire breaks out in Baghbazar area, no casualties reported

https://t.co/Tt0oF0SYCU",[]
289,rheabeet,2021-01-13 14:41:56,,305,277,6801,13,"Major fire at a slum in north Kolkata's Baghbazar, several shanties gutted, 20 fire tenders at spot https://t.co/oB1PcZbKkP",[]
290,shwetaa_9,2021-01-13 14:41:33,"New Delhi, India",815,75,31897,9,"Massive fire breaks out at Kolkata's Baghbazar area, 20 fire engines present at spot

#Kolkata #WestBengal #Baghbazar https://t.co/dvlWTRrAO1","['Kolkata', 'WestBengal', 'Baghbazar']"
291,boog257,2021-01-13 14:41:05,,2895,2540,39332,13,"Major fire at a slum in north Kolkata's Baghbazar, several shanties gutted, 20 fire tenders at spot https://t.co/oB1PcZbKkP",[]
292,17thNakshatraa,2021-01-13 14:40:18,Earth,89,302,21057,9,"Massive fire breaks out at Kolkata's Baghbazar area, 20 fire engines present at spot

#Kolkata #WestBengal #Baghbazar https://t.co/dvlWTRrAO1","['Kolkata', 'WestBengal', 'Baghbazar']"
293,nitinjainyash,2021-01-13 14:39:40,bangkok,127,23,4322,0,@ANI Hmmm baghbazar hv spent 22 yrs living there in nand lal bose lane baghbazar during childhood hope and pray for all safety,[]
294,iindrojit,2021-01-13 14:39:30,"কলকাতা, India",3295,8015,14592,13,"Major fire at a slum in north Kolkata's Baghbazar, several shanties gutted, 20 fire tenders at spot https://t.co/oB1PcZbKkP",[]
295,The_Lexophile,2021-01-13 14:38:36,,832,201,3375,9,"Massive fire breaks out at Kolkata's Baghbazar area, 20 fire engines present at spot

#Kolkata #WestBengal #Baghbazar https://t.co/dvlWTRrAO1","['Kolkata', 'WestBengal', 'Baghbazar']"
296,HindustanTimes,2021-01-13 14:38:32,"New Delhi, India",12,31451,262754,0,"Fire breaks out at a colony in Kolkata's Baghbazar area, 20 fire tenders present at site https://t.co/eTibwdxWCd",[]
297,SSanyal,2021-01-13 14:38:28,"New Delhi, India",2920,1788,25253,4,"Massive fire in #Kolkata's Baghbazar area, 20 fire tenders rushed to the spot @NewsMobileIndia https://t.co/sxaLtKez5u",['Kolkata']
298,NewsMobileIndia,2021-01-13 14:37:46,India,94,16169,166105,9,"Massive fire breaks out at Kolkata's Baghbazar area, 20 fire engines present at spot

#Kolkata #WestBengal #Baghbazar https://t.co/dvlWTRrAO1","['Kolkata', 'WestBengal', 'Baghbazar']"
299,youngroy25,2021-01-13 14:37:15,Dubai/Washington/Gujarat,493,1874,107465,0,"Massive Fire At Kolkata's Baghbazar, 20 Fire Engines At The Spot - NDTV https://t.co/GXHBn6DTfo",[]
300,chuenchenliu,2021-01-13 14:35:41,Kolkata | Noida,440,554,6399,3,#Watch| Massive fire breaks out at a colony in Kolkata’s Baghbazar area. As many as 10 fire tenders are currently working at spot to douse the fire. No injury has been reported as of yet. #Eisamay https://t.co/ReHIlTDZ3e,['Watch']
301,ndtvfeed,2021-01-13 14:35:02,,2,260913,304347,1,"Massive Fire At Kolkata's Baghbazar, 20 Fire Engines At The Spot https://t.co/m2RTnib5tT https://t.co/HV4EvachwL",[]
302,AsianetNewsEN,2021-01-13 14:34:09,"Bengaluru, India",614,26250,31011,0,"Massive fire reported at #Kolkata's Baghbazar area, over 20 fire engines at the spot. https://t.co/bWgXaMZixH",['Kolkata']
303,sourav_sngupta,2021-01-13 14:33:25,"Kolkata, India",695,396,35689,3,Fire spreads in #Baghbazar. 10 fire engines at the spot. Multiple cylinder blasts reported in the colony opposite Baghbazar women College. Girish Park to Central Avenue road blocked. No reports of any casualty yet. https://t.co/yot6CyJE2O,['Baghbazar']
304,Surya29011996,2021-01-13 14:32:34,"Baleshwar, India",123,69,29048,2,"Kolkata: Fire breaks out in Baghbazar area, no casualties reported

https://t.co/Tt0oF0SYCU",[]
305,ArunShivhare100,2021-01-13 14:32:02,DELHI,1980,101,31795,3,Fire spreads in #Baghbazar. 10 fire engines at the spot. Multiple cylinder blasts reported in the colony opposite Baghbazar women College. Girish Park to Central Avenue road blocked. No reports of any casualty yet. https://t.co/yot6CyJE2O,['Baghbazar']
306,scroll_in,2021-01-13 14:31:54,,98,382825,343623,2,"Kolkata: Fire breaks out in Baghbazar area, no casualties reported

https://t.co/Tt0oF0SYCU",[]
307,SreyashiDey,2021-01-13 14:31:41,"Kolkata, India",538,5905,10595,3,Fire spreads in #Baghbazar. 10 fire engines at the spot. Multiple cylinder blasts reported in the colony opposite Baghbazar women College. Girish Park to Central Avenue road blocked. No reports of any casualty yet. https://t.co/yot6CyJE2O,['Baghbazar']
308,thelateralz,2021-01-13 14:31:26,,109,25,3035,0,"Massive Fire Breaks Out At Kolkata's Baghbazar

#Kolkata #fire #kolkatafire #baghbazar #bagbazar #westbengal #massivefire https://t.co/gnkMphyw2h","['Kolkata', 'fire', 'kolkatafire', 'baghbazar', 'bagbazar', 'westbengal', 'massivefire']"
309,CaesarNakrop,2021-01-13 14:29:26,,1254,34,1609,3,"#BreakingNews: Massive #fire breaks out at a colony at Rajballav Para in #Baghbazar area of North Kolkata, eight fire tenders present at the spot. (Further Details Awaited) | Mobile Video Courtesy: Abir Ghoshal | #KolkataFire 🔥 @Breaking_24X7 @WestBengal_BN @BengalNewzIndia https://t.co/0BVZGLOH3H","['BreakingNews', 'fire', 'Baghbazar']"
310,Breaking24_7,2021-01-13 14:22:59,London,48,2097,110766,3,"#BreakingNews: Massive #fire breaks out at a colony at Rajballav Para in #Baghbazar area of North Kolkata, eight fire tenders present at the spot. (Further Details Awaited) | Mobile Video Courtesy: Abir Ghoshal | #KolkataFire 🔥 @Breaking_24X7 @WestBengal_BN @BengalNewzIndia https://t.co/0BVZGLOH3H","['BreakingNews', 'fire', 'Baghbazar']"
311,BengalNewzIndia,2021-01-13 14:19:45,"Kolkata, West Bengal, India",7,3058,22109,3,"#BreakingNews: Massive #fire breaks out at a colony at Rajballav Para in #Baghbazar area of North Kolkata, eight fire tenders present at the spot. (Further Details Awaited) | Mobile Video Courtesy: Abir Ghoshal | #KolkataFire 🔥 @Breaking_24X7 @WestBengal_BN @BengalNewzIndia https://t.co/0BVZGLOH3H","['BreakingNews', 'fire', 'Baghbazar']"
312,I_Rahul29,2021-01-13 14:19:20,"India, Jodhpur ( Rajasthan )",676,3180,615324,18,"West Bengal: Fire breaks out at a colony in Baghbazar area of Kolkata, eight fire tenders present at the spot

More details awaited",[]
313,BengalNewz,2021-01-13 14:18:17,Kolkata🇮🇳 and Dhaka🇧🇩,6,5276,54241,3,"#BreakingNews: Massive #fire breaks out at a colony at Rajballav Para in #Baghbazar area of North Kolkata, eight fire tenders present at the spot. (Further Details Awaited) | Mobile Video Courtesy: Abir Ghoshal | #KolkataFire 🔥 @Breaking_24X7 @WestBengal_BN @BengalNewzIndia https://t.co/0BVZGLOH3H","['BreakingNews', 'fire', 'Baghbazar', 'KolkataFire']"
314,nbansalji,2021-01-13 14:17:41,"Kolkata, India",959,155,5650,2,"#WestBengal: Fire breaks out near Baghbazar's slum area of Kolkata, eight fire tenders present at the spot. https://t.co/OpVFEiSn27",['WestBengal']
315,Plchakraborty,2021-01-13 14:17:38,"Kolkata, India",990,3823,3499,3,#Watch| Massive fire breaks out at a colony in Kolkata’s Baghbazar area. As many as 10 fire tenders are currently working at spot to douse the fire. No injury has been reported as of yet. #Eisamay https://t.co/ReHIlTDZ3e,"['Watch', 'Eisamay']"
316,mesyedsalu,2021-01-13 14:14:57,Bengaluru,88,105,45374,18,"West Bengal: Fire breaks out at a colony in Baghbazar area of Kolkata, eight fire tenders present at the spot

More details awaited",[]
317,utkarshs88,2021-01-13 14:12:27,"Delhi, India",3071,1222,6675,1,"West #Bengal : Fire breaks out at a colony in #Baghbazar area of #Kolkata , eight fire tenders present at the spot https://t.co/rjq9l3ymkQ","['Bengal', 'Baghbazar', 'Kolkata']"
318,AmitSha81107164,2021-01-13 14:09:11,भारत,99,1137,43436,5,"#Fire breaks out at a colony in Baghbazar area of #Kolkata, 8 fire tenders present at the spot. More details awaited (ANI)

#WestBengal","['Fire', 'Kolkata']"
319,abirghoshal,2021-01-13 14:08:02,,2113,539,951,0,Massive Fire at Kolkata Baghbazar area. Details @News18Bengali https://t.co/S5nJ8bfyZ4,[]
320,Shahnazsays,2021-01-13 14:07:12,"कोलकाता, भारत",503,201,1634,2,"#WestBengal: Fire breaks out near Baghbazar's slum area of Kolkata, eight fire tenders present at the spot. https://t.co/OpVFEiSn27",['WestBengal']
321,khalid771779,2021-01-13 14:06:04,"Bisfi, India",284,175,12546,18,"West Bengal: Fire breaks out at a colony in Baghbazar area of Kolkata, eight fire tenders present at the spot

More details awaited",[]
322,SreyashiDey,2021-01-13 14:04:38,"Kolkata, India",538,5905,10595,5,"#Fire breaks out at a colony in Baghbazar area of #Kolkata, 8 fire tenders present at the spot. More details awaited (ANI)

#WestBengal","['Fire', 'Kolkata']"
323,htTweets,2021-01-13 14:03:17,India,126,7870349,831735,2,"Fire breaks out at a colony in Kolkata's Baghbazar area, 8 fire tenders present at site

https://t.co/NNBFoCfz89 https://t.co/94R8TECF9L",[]
324,ShivSha33400586,2021-01-13 14:03:16,,605,101,15052,18,"West Bengal: Fire breaks out at a colony in Baghbazar area of Kolkata, eight fire tenders present at the spot

More details awaited",[]
325,God61284517,2021-01-13 14:02:44,India,200,171,79006,18,"West Bengal: Fire breaks out at a colony in Baghbazar area of Kolkata, eight fire tenders present at the spot

More details awaited",[]
326,ksurya1007,2021-01-13 14:01:09,"Hyderabad, India",1054,269,1208,0,"#Fire breaks out at a colony in Baghbazar area of #Kolkata, 8 fire tenders present at the spot. More details awaited (ANI)
#WestBengal","['Fire', 'Kolkata', 'WestBengal']"
327,HindustanTimes,2021-01-13 14:00:57,"New Delhi, India",12,31451,262754,0,"Fire breaks out at a colony in Kolkata's Baghbazar area, 8 fire tenders present at site https://t.co/eTibwdxWCd",[]
328,TOICitiesNews,2021-01-13 13:59:58,,98,22379,849266,5,"#Fire breaks out at a colony in Baghbazar area of #Kolkata, 8 fire tenders present at the spot. More details awaited (ANI)

#WestBengal","['Fire', 'Kolkata']"
329,TOIKolkata,2021-01-13 13:59:36,"Kolkata, India",31,5887,42193,5,"#Fire breaks out at a colony in Baghbazar area of #Kolkata, 8 fire tenders present at the spot. More details awaited (ANI)

#WestBengal","['Fire', 'Kolkata', 'WestBengal']"
330,Seetharamakota3,2021-01-13 13:59:00,"उडुपि, भारत",5005,3904,464658,18,"West Bengal: Fire breaks out at a colony in Baghbazar area of Kolkata, eight fire tenders present at the spot

More details awaited",[]
331,ShabanaANI2,2021-01-13 13:58:18,Kolkata,40,624,2183,0,Fire at Baghbazar 's Colony  .Eight fire tenders working on the spot. More details awaited .,[]
332,MrSamratX,2021-01-13 13:58:07,Kolkata,4340,9640,51308,18,"West Bengal: Fire breaks out at a colony in Baghbazar area of Kolkata, eight fire tenders present at the spot

More details awaited",[]
333,MLMANDOWARA,2021-01-13 13:57:17," Udaipur, India",1348,3261,441937,18,"West Bengal: Fire breaks out at a colony in Baghbazar area of Kolkata, eight fire tenders present at the spot

More details awaited",[]
334,diiablerie,2021-01-13 13:56:05,"in my room, on my bed",324,1379,24264,18,"West Bengal: Fire breaks out at a colony in Baghbazar area of Kolkata, eight fire tenders present at the spot

More details awaited",[]
335,DhirajK73664310,2021-01-13 13:55:52,"Kolkata, India",1925,57,4356,18,"West Bengal: Fire breaks out at a colony in Baghbazar area of Kolkata, eight fire tenders present at the spot

More details awaited",[]
336,HemantKothari3,2021-01-13 13:55:43,"Kalyan Dombivali, India",231,554,12902,18,"West Bengal: Fire breaks out at a colony in Baghbazar area of Kolkata, eight fire tenders present at the spot

More details awaited",[]
337,thegorkhabro,2021-01-13 13:55:40,"@darjeeling,india",404,33,32621,18,"West Bengal: Fire breaks out at a colony in Baghbazar area of Kolkata, eight fire tenders present at the spot

More details awaited",[]
338,ANI,2021-01-13 13:55:01,India,0,5096316,453483,18,"West Bengal: Fire breaks out at a colony in Baghbazar area of Kolkata, eight fire tenders present at the spot

More details awaited",[]
339,4rahulpatra,2021-01-13 07:59:36,Kolkata,25,4,23,34,These  vaccines shall be stored at our Central Vaccines Store at Baghbazar and will be then transported to different districts for vaccination of Health Care Workers as per priority.(2/2),[]
340,ydnadydnad,2021-01-13 04:29:15,"India, unplugged",1971,1658,7072,0,"@Abhishek_Kar_AK That must be another Bichali Ghat! The #BichaliGhat in Baghbazar is squeezed between the current Ferry ghat and Mayer Ghat...where boats would bring  বিচালি  (rice straw) from the villages...here's a bit of #Baghbazar history.

https://t.co/T0heVRSKFH","['BichaliGhat', 'Baghbazar']"
341,feluda_007,2021-01-13 03:54:41,,249,9,1696,34,These  vaccines shall be stored at our Central Vaccines Store at Baghbazar and will be then transported to different districts for vaccination of Health Care Workers as per priority.(2/2),[]
342,pf2xhTe580YQwm0,2021-01-13 03:43:11,,148,65,4682,34,These  vaccines shall be stored at our Central Vaccines Store at Baghbazar and will be then transported to different districts for vaccination of Health Care Workers as per priority.(2/2),[]
343,bababirinchi,2021-01-13 03:42:56,"Puruliya, India",151,69,193,34,These  vaccines shall be stored at our Central Vaccines Store at Baghbazar and will be then transported to different districts for vaccination of Health Care Workers as per priority.(2/2),[]
344,Mr_Zaid_Ahmed,2021-01-13 03:10:59,"Kolkata, India",965,233,25765,4,First consignment of 6.89 lac Covishield vaccines will arrive in WB today at 2:30 PM by a special cargo flight. These vaccines will be stored at Central Vaccines Store at Baghbazar &amp; then be transported to different districts for vaccination of Healthcare workers. @ZeeNews,[]
345,the_hindu,2021-01-12 23:00:11,"Chennai, India",212,6590767,355594,0,"#WestBengal’s Home Department said that these “vaccines shall be stored at our Central Vaccines Store at Baghbazar and will be then transported to different districts for vaccination of Health Care Workers as per priority”.
https://t.co/o0gQg7Txu3 #Covid19","['WestBengal', 'Covid19']"
346,Subhadi13961708,2021-01-12 18:57:58,"Kolkata, India",375,24,75,34,These  vaccines shall be stored at our Central Vaccines Store at Baghbazar and will be then transported to different districts for vaccination of Health Care Workers as per priority.(2/2),[]
347,ydnadydnad,2021-01-12 18:28:26,"India, unplugged",1971,1658,7072,0,Excellent initiative. I hope the #BichaliGhat near #Baghbazar - such history! - gets its due and gets a face lift too. Love walking that stretch through Kumortuli and beyond along the Ganges. https://t.co/ipzz7JugVt https://t.co/mHqAmfwSwv,"['BichaliGhat', 'Baghbazar']"
348,TZohail,2021-01-12 17:09:13,"Kolkata, India",8,0,7,34,These  vaccines shall be stored at our Central Vaccines Store at Baghbazar and will be then transported to different districts for vaccination of Health Care Workers as per priority.(2/2),[]
349,Itsanindita,2021-01-12 16:49:01,Kolkata,2340,5031,5319,1,First consignment of 6.89 lac Covishield vaccines arrived in WB today at 2:30 PM by a special cargo flight. These vaccines will be stored at Central Vaccines Store at Baghbazar &amp; then be transported to different districts for vaccination of Healthcare workers. #covid_19 https://t.co/WffXN5LnI6,[]
350,ujjwalroy06,2021-01-12 15:22:45,Work as Journalist @ANI,515,377,5663,34,These  vaccines shall be stored at our Central Vaccines Store at Baghbazar and will be then transported to different districts for vaccination of Health Care Workers as per priority.(2/2),[]
351,opicalofficial,2021-01-12 15:22:05,United States,182,4,227,0,"Coolers and freezers have been installed in the Baghbazar store where the vaccines will be kept. The vaccines arrived to West Bengal in a special flight from Pune.There are around 6.89 lakh doses of Covid -19 vaccines in this first batch.
#CovidVaccine https://t.co/92LDmIPcsW",['CovidVaccine']
352,Razzakofficial1,2021-01-12 14:42:47,Malda ,484,216,2516,34,These  vaccines shall be stored at our Central Vaccines Store at Baghbazar and will be then transported to different districts for vaccination of Health Care Workers as per priority.(2/2),[]
353,DigitalSourav,2021-01-12 14:03:22,Siliguri,81,10,40,34,These  vaccines shall be stored at our Central Vaccines Store at Baghbazar and will be then transported to different districts for vaccination of Health Care Workers as per priority.(2/2),[]
354,Ashok_HT,2021-01-12 14:02:16,"Kolkata, India",92,266,1654,1,First consignment of 6.89 lac Covishield vaccines arrived in WB today at 2:30 PM by a special cargo flight. These vaccines will be stored at Central Vaccines Store at Baghbazar &amp; then be transported to different districts for vaccination of Healthcare workers. #covid_19 https://t.co/WffXN5LnI6,['covid_19']
355,JulmaParty,2021-01-12 13:52:48,"Lucknow, India",56,11,367,34,These  vaccines shall be stored at our Central Vaccines Store at Baghbazar and will be then transported to different districts for vaccination of Health Care Workers as per priority.(2/2),[]
356,dipanjansengu10,2021-01-12 13:38:45,"Bardhaman, India",273,73,1371,34,These  vaccines shall be stored at our Central Vaccines Store at Baghbazar and will be then transported to different districts for vaccination of Health Care Workers as per priority.(2/2),[]
357,rivuwrites,2021-01-12 12:54:17,"Kolkata, Bangla(বাংলা), India",498,997,22089,34,These  vaccines shall be stored at our Central Vaccines Store at Baghbazar and will be then transported to different districts for vaccination of Health Care Workers as per priority.(2/2),[]
358,pandeychandan52,2021-01-12 12:09:15,"Agartala, India",134,101,5374,1,"#National: The consignment will be transported in two insulated vans from the city airport to a state-owned store at Baghbazar, a health dept official said
@aaikolairport @MamataOfficial @wbdhfw

#COVID19 #COVID19Vaccine https://t.co/GgWPsceEem",['National']
359,bsindia,2021-01-12 11:55:00,India,382,2050413,320995,0,"Five walk-in-coolers and four walk-in-freezers have been installed in the Baghbazar store to keep the vaccines: Senior Official 

#CoronavirusVaccine #COVID19Vaccines #WestBengal 
https://t.co/mGNDoBV3be","['CoronavirusVaccine', 'COVID19Vaccines', 'WestBengal']"
360,EastMojo,2021-01-12 11:36:11,"Guwahati, India",603,11607,17341,1,"#National: The consignment will be transported in two insulated vans from the city airport to a state-owned store at Baghbazar, a health dept official said
@aaikolairport @MamataOfficial @wbdhfw

#COVID19 #COVID19Vaccine https://t.co/GgWPsceEem","['National', 'COVID19', 'COVID19Vaccine']"
361,MahantyMax,2021-01-12 10:52:48,"Kolkata, India",278,471,29547,34,These  vaccines shall be stored at our Central Vaccines Store at Baghbazar and will be then transported to different districts for vaccination of Health Care Workers as per priority.(2/2),[]
362,district_howrah,2021-01-12 10:38:30,,7,36,393,34,These  vaccines shall be stored at our Central Vaccines Store at Baghbazar and will be then transported to different districts for vaccination of Health Care Workers as per priority.(2/2),[]
363,EconomicTimes,2021-01-12 10:20:52,,43,3813677,489649,0,"The consignment will be transported in two insulated vans from the city airport to a state-owned store at Baghbazar, the official said.

https://t.co/MTzTOrxAc6",[]
364,Alekhya_Datta,2021-01-12 09:54:13,"Ghaziabad, India",5000,1074,22338,34,These  vaccines shall be stored at our Central Vaccines Store at Baghbazar and will be then transported to different districts for vaccination of Health Care Workers as per priority.(2/2),[]
365,DMCoochbehar,2021-01-12 09:53:37,"Cooch Behar, India",69,963,751,34,These  vaccines shall be stored at our Central Vaccines Store at Baghbazar and will be then transported to different districts for vaccination of Health Care Workers as per priority.(2/2),[]
366,GouravBose7,2021-01-12 09:41:41,,647,40,1372,34,These  vaccines shall be stored at our Central Vaccines Store at Baghbazar and will be then transported to different districts for vaccination of Health Care Workers as per priority.(2/2),[]
367,Subhasi83803995,2021-01-12 09:34:45,"Amtala, West Bengal",303,97,3508,34,These  vaccines shall be stored at our Central Vaccines Store at Baghbazar and will be then transported to different districts for vaccination of Health Care Workers as per priority.(2/2),[]
368,tanvibose,2021-01-12 09:13:36,India,545,197,604,34,These  vaccines shall be stored at our Central Vaccines Store at Baghbazar and will be then transported to different districts for vaccination of Health Care Workers as per priority.(2/2),[]
369,SamirKumarpanja,2021-01-12 09:08:06,"Garhbhawanipur, Howrah, India ",405,864,1018,34,These  vaccines shall be stored at our Central Vaccines Store at Baghbazar and will be then transported to different districts for vaccination of Health Care Workers as per priority.(2/2),[]
370,rudrosray,2021-01-12 09:07:08,"Kolkata, India",231,74,1915,34,These  vaccines shall be stored at our Central Vaccines Store at Baghbazar and will be then transported to different districts for vaccination of Health Care Workers as per priority.(2/2),[]
371,subhajitdas2co1,2021-01-12 09:00:12,,93,63,51053,34,These  vaccines shall be stored at our Central Vaccines Store at Baghbazar and will be then transported to different districts for vaccination of Health Care Workers as per priority.(2/2),[]
372,SahaBodhisatwa,2021-01-12 08:49:36,বাংলা,309,170,11139,34,These  vaccines shall be stored at our Central Vaccines Store at Baghbazar and will be then transported to different districts for vaccination of Health Care Workers as per priority.(2/2),[]
373,AamBhartiya30,2021-01-12 08:39:08,India,340,272,15892,4,First consignment of 6.89 lac Covishield vaccines will arrive in WB today at 2:30 PM by a special cargo flight. These vaccines will be stored at Central Vaccines Store at Baghbazar &amp; then be transported to different districts for vaccination of Healthcare workers. @ZeeNews,[]
374,TMC_Supporters,2021-01-12 08:36:59,Kolkata,294,21440,37501,34,These  vaccines shall be stored at our Central Vaccines Store at Baghbazar and will be then transported to different districts for vaccination of Health Care Workers as per priority.(2/2),[]
375,AmitSha81107164,2021-01-12 08:36:09,भारत,99,1137,43436,34,These  vaccines shall be stored at our Central Vaccines Store at Baghbazar and will be then transported to different districts for vaccination of Health Care Workers as per priority.(2/2),[]
376,AmitSha81107164,2021-01-12 08:29:09,भारत,99,1137,43436,4,First consignment of 6.89 lac Covishield vaccines will arrive in WB today at 2:30 PM by a special cargo flight. These vaccines will be stored at Central Vaccines Store at Baghbazar &amp; then be transported to different districts for vaccination of Healthcare workers. @ZeeNews,[]
377,DHarshwal,2021-01-12 08:26:57,"Kolkata, India",1992,376,2800,4,First consignment of 6.89 lac Covishield vaccines will arrive in WB today at 2:30 PM by a special cargo flight. These vaccines will be stored at Central Vaccines Store at Baghbazar &amp; then be transported to different districts for vaccination of Healthcare workers. @ZeeNews,[]
378,pooja_news,2021-01-12 08:24:56,"Kolkata, India",3049,13939,15219,4,First consignment of 6.89 lac Covishield vaccines will arrive in WB today at 2:30 PM by a special cargo flight. These vaccines will be stored at Central Vaccines Store at Baghbazar &amp; then be transported to different districts for vaccination of Healthcare workers. @ZeeNews,[]
379,MLAdhimanroy,2021-01-12 08:24:19,"West Bengal, India",74,1104,1065,34,These  vaccines shall be stored at our Central Vaccines Store at Baghbazar and will be then transported to different districts for vaccination of Health Care Workers as per priority.(2/2),[]
380,sourav_sngupta,2021-01-12 08:23:13,"Kolkata, India",695,396,35689,34,These  vaccines shall be stored at our Central Vaccines Store at Baghbazar and will be then transported to different districts for vaccination of Health Care Workers as per priority.(2/2),[]
381,Subrata88347222,2021-01-12 08:19:58,,58,0,153,34,These  vaccines shall be stored at our Central Vaccines Store at Baghbazar and will be then transported to different districts for vaccination of Health Care Workers as per priority.(2/2),[]
382,ShilpiG30465116,2021-01-12 08:19:28,,691,170,14723,34,These  vaccines shall be stored at our Central Vaccines Store at Baghbazar and will be then transported to different districts for vaccination of Health Care Workers as per priority.(2/2),[]
383,Mur_Att,2021-01-12 08:19:00,NSE,152,5614,28833,34,These  vaccines shall be stored at our Central Vaccines Store at Baghbazar and will be then transported to different districts for vaccination of Health Care Workers as per priority.(2/2),[]
384,kachatterjee,2021-01-12 08:18:44,,329,193,5860,34,These  vaccines shall be stored at our Central Vaccines Store at Baghbazar and will be then transported to different districts for vaccination of Health Care Workers as per priority.(2/2),[]
385,MISTARULSK15,2021-01-12 08:18:22,Udaychandpur,2979,2049,29891,34,These  vaccines shall be stored at our Central Vaccines Store at Baghbazar and will be then transported to different districts for vaccination of Health Care Workers as per priority.(2/2),[]
386,Jamie_Venom,2021-01-12 08:18:03,,691,322,19021,34,These  vaccines shall be stored at our Central Vaccines Store at Baghbazar and will be then transported to different districts for vaccination of Health Care Workers as per priority.(2/2),[]
387,Kanchan00805419,2021-01-12 08:17:52,"West Bengal, India",506,21,564,34,These  vaccines shall be stored at our Central Vaccines Store at Baghbazar and will be then transported to different districts for vaccination of Health Care Workers as per priority.(2/2),[]
388,HomeBengal,2021-01-12 08:17:07,,9,26167,73,34,These  vaccines shall be stored at our Central Vaccines Store at Baghbazar and will be then transported to different districts for vaccination of Health Care Workers as per priority.(2/2),[]
389,BoidurjyaC,2021-01-12 03:15:54,,39,7,6,0,"@BSNLCorporate I submitted my phone bill for #25555535 to Baghbazar CSC, on 31st Dec via SBI Cheque, at 12pm. I was not issued any acknowledgement of payment, @BSNL_KOTD asked me to come at 3pm to collect the acknowledgement. Its not yet cleared. Can you interevene?",[]
